Loss,Mem,lr
8.6145,29.0,1.0
8.4455,29.0,1.0
8.9954,29.0,1.0
8.5715,29.0,1.0
7.7365,29.2,1.0
8.5149,29.2,1.0
8.6686,29.2,1.0
8.0591,29.2,1.0
8.1751,29.2,1.0
8.1486,29.2,1.0
8.5382,29.2,1.0
8.5086,29.2,1.0
8.1943,29.2,1.0
7.7256,29.2,1.0
8.024,29.2,1.0
7.5351,34.3,1.0
7.6003,34.3,1.0
7.941,34.3,1.0
7.9559,34.3,1.0
7.8617,34.3,1.0
7.9299,34.3,1.0
7.7901,34.3,1.0
7.6027,34.3,1.0
7.7296,34.3,1.0
7.6113,34.3,1.0
7.8874,34.3,1.0
7.7571,34.3,1.0
7.5833,34.3,1.0
7.4251,34.3,1.0
7.3775,34.3,1.0
7.8622,34.3,1.0
7.6218,34.3,1.0
7.7743,34.3,1.0
7.7263,34.3,1.0
7.8294,34.3,1.0
7.9563,34.3,1.0
7.44,34.3,1.0
7.435,34.3,1.0
7.3944,34.3,1.0
7.4653,34.3,1.0
7.5969,34.3,1.0
7.5438,34.3,1.0
7.5516,34.3,1.0
7.4443,34.3,1.0
7.4444,34.3,1.0
7.3284,34.3,1.0
7.7696,34.3,1.0
7.5153,34.3,1.0
7.5223,34.3,1.0
7.1887,34.3,1.0
7.1924,34.3,1.0
7.3838,34.3,1.0
7.8905,34.3,1.0
7.5014,34.3,1.0
7.6417,34.3,1.0
7.5562,34.3,1.0
7.4446,34.3,1.0
7.3298,34.3,1.0
7.3205,34.3,1.0
7.5736,34.3,1.0
7.4468,34.3,1.0
7.2965,34.3,1.0
7.446,34.3,1.0
7.3229,34.3,1.0
7.2223,34.3,1.0
7.571,34.3,1.0
7.4106,34.3,1.0
7.5594,34.3,1.0
7.7599,34.3,1.0
7.6086,34.3,1.0
7.4375,34.3,1.0
7.4066,34.3,1.0
7.7037,34.3,1.0
7.1711,34.3,1.0
7.4908,34.3,1.0
7.3674,34.3,1.0
7.2215,34.3,1.0
7.8734,34.3,1.0
7.2869,34.3,1.0
6.9695,34.3,1.0
7.2795,34.3,1.0
7.229,34.3,1.0
7.2203,34.3,1.0
6.9146,43.2,1.0
7.5144,43.2,1.0
7.4054,43.2,1.0
7.0203,43.2,1.0
7.5843,43.2,1.0
7.3582,43.2,1.0
7.2889,43.2,1.0
7.5032,43.2,1.0
7.2952,43.2,1.0
7.5679,43.2,1.0
7.1898,43.2,1.0
6.8606,43.2,1.0
7.5884,43.2,1.0
7.2227,43.2,1.0
7.4714,43.2,1.0
7.6055,43.2,1.0
7.5322,43.2,1.0
7.5205,43.2,1.0
7.4151,43.2,1.0
7.3482,43.2,1.0
7.4281,43.2,1.0
7.7135,43.2,1.0
7.2352,43.2,1.0
7.1543,43.2,1.0
7.496,43.2,1.0
7.2679,43.2,1.0
7.3612,43.2,1.0
7.5033,43.2,1.0
7.2855,43.2,1.0
7.2692,43.2,1.0
6.9879,43.2,1.0
7.518,43.2,1.0
7.1553,43.2,1.0
7.5582,43.2,1.0
7.2073,43.2,1.0
7.691,43.2,1.0
7.4548,43.2,1.0
7.4892,43.2,1.0
7.6762,43.2,1.0
6.9985,43.2,1.0
7.3793,43.2,1.0
7.3048,43.2,1.0
7.4508,43.2,1.0
7.4275,43.2,1.0
7.4398,43.2,1.0
7.2025,43.2,1.0
6.8551,43.2,1.0
7.5385,43.2,1.0
7.2699,43.2,1.0
6.9666,43.2,1.0
7.343,43.2,1.0
7.1537,43.2,1.0
7.2886,43.2,1.0
7.5583,43.2,1.0
7.5243,43.2,1.0
7.2717,43.2,1.0
7.1094,43.2,1.0
6.7144,43.2,1.0
7.275,43.2,1.0
7.2765,43.2,1.0
7.1259,43.2,1.0
7.4419,43.2,1.0
7.2723,43.2,1.0
7.3244,43.2,1.0
7.1057,43.2,1.0
7.4003,43.2,1.0
6.9732,43.2,1.0
7.3728,43.2,1.0
7.5237,43.2,1.0
7.6325,43.2,1.0
7.2834,43.2,1.0
7.2951,43.2,1.0
7.1482,43.2,1.0
7.1434,43.2,1.0
7.3264,43.2,1.0
7.4222,43.2,1.0
7.2755,43.2,1.0
6.9119,43.2,1.0
7.0652,43.2,1.0
7.3193,43.2,1.0
6.9745,43.2,1.0
7.2302,43.2,1.0
7.2528,43.2,1.0
7.3168,43.2,1.0
7.0928,43.2,1.0
6.9617,43.2,1.0
7.0494,43.2,1.0
7.1236,43.2,1.0
7.1095,43.2,1.0
7.3011,43.2,1.0
7.1838,43.2,1.0
7.2644,43.2,1.0
7.2026,43.2,1.0
7.4336,43.2,1.0
7.2264,43.2,1.0
7.0614,43.2,1.0
7.0438,43.2,1.0
6.9698,43.2,1.0
7.1373,43.2,1.0
6.9818,43.2,1.0
6.9614,43.2,1.0
7.1702,43.2,1.0
7.5246,43.2,1.0
7.4686,43.2,1.0
7.3691,43.2,1.0
7.3112,43.2,1.0
7.2781,43.2,1.0
7.2606,43.2,1.0
7.0445,43.2,1.0
7.3714,43.2,1.0
7.3861,43.2,1.0
7.1531,43.2,1.0
7.4625,43.2,1.0
7.2263,43.2,1.0
7.1894,43.2,1.0
7.0629,43.2,1.0
7.2722,43.2,1.0
7.0633,43.2,1.0
7.3155,43.2,1.0
6.5207,43.2,1.0
6.9993,43.2,1.0
7.4725,43.2,1.0
6.8367,43.2,1.0
7.2482,43.2,1.0
7.3457,43.2,1.0
7.0885,43.2,1.0
7.2214,43.2,1.0
7.4189,43.2,1.0
7.0171,43.2,1.0
7.2141,43.2,1.0
7.4283,43.2,1.0
7.1975,43.2,1.0
7.2032,43.2,1.0
7.2904,43.2,1.0
7.3374,43.2,1.0
7.1215,43.2,1.0
7.2588,43.2,1.0
7.2029,43.2,1.0
7.1972,43.2,1.0
7.3628,43.2,1.0
7.0386,43.2,1.0
7.3395,43.2,1.0
7.3978,43.2,1.0
7.1148,43.2,1.0
7.0396,43.2,1.0
6.7591,43.2,1.0
7.2814,43.2,1.0
7.3917,43.2,1.0
7.4063,43.2,1.0
7.22,43.2,1.0
7.405,43.2,1.0
7.0629,43.2,1.0
7.0525,43.2,1.0
6.8755,43.2,1.0
7.4054,43.2,1.0
7.5596,43.2,1.0
7.3583,43.2,1.0
7.1538,43.2,1.0
7.0543,43.2,1.0
7.1476,43.2,1.0
7.2235,43.2,1.0
7.2035,43.2,1.0
7.3088,43.2,1.0
7.1677,43.2,1.0
6.9098,43.2,1.0
7.2649,43.2,1.0
6.9236,43.2,1.0
6.9965,43.2,1.0
7.085,43.2,1.0
7.4113,43.2,1.0
7.6537,43.2,1.0
7.011,43.2,1.0
6.967,43.2,1.0
7.0411,43.2,1.0
7.0645,43.2,1.0
7.0294,43.2,1.0
7.4457,43.2,1.0
6.9164,43.2,1.0
7.3923,43.2,1.0
7.3555,43.2,1.0
7.2927,43.2,1.0
7.4987,43.2,1.0
6.906,43.2,1.0
6.9438,43.2,1.0
7.1488,43.2,1.0
7.2527,43.2,1.0
6.9673,43.2,1.0
6.8251,43.2,1.0
6.7304,43.2,1.0
7.4308,43.2,1.0
7.3942,43.2,1.0
7.411,43.2,1.0
7.4557,43.2,1.0
6.8134,43.2,1.0
7.3488,43.2,1.0
7.2794,43.2,1.0
7.0561,43.2,1.0
6.9635,43.2,1.0
7.1306,43.2,1.0
7.1996,43.2,1.0
7.1541,43.2,1.0
7.4659,43.2,1.0
7.0341,43.2,1.0
6.8399,43.2,1.0
6.8958,43.2,1.0
7.1129,43.2,1.0
7.052,43.2,1.0
6.905,43.2,1.0
7.0341,43.2,1.0
7.2581,43.2,1.0
6.7805,43.2,1.0
7.2125,43.2,1.0
6.8432,43.2,1.0
7.4752,43.2,1.0
6.9394,43.2,1.0
6.8346,43.2,1.0
7.1941,43.2,1.0
7.0805,43.2,1.0
7.2052,43.2,1.0
7.1412,43.2,1.0
7.3474,43.2,1.0
6.7964,43.2,1.0
7.2032,43.2,1.0
7.0536,43.2,1.0
6.932,43.2,1.0
7.0927,43.2,1.0
7.2041,43.2,1.0
7.0086,43.2,1.0
6.9461,43.2,1.0
7.3477,43.2,1.0
7.2108,43.2,1.0
7.2578,43.2,1.0
6.8963,43.2,1.0
6.9822,43.2,1.0
7.297,43.2,1.0
7.0922,43.2,1.0
7.1063,43.2,1.0
6.7737,43.2,1.0
6.6766,49.4,1.0
7.1883,49.4,1.0
7.2888,49.4,1.0
7.2383,49.4,1.0
7.033,49.4,1.0
7.0811,49.4,1.0
7.3044,49.4,1.0
7.3309,49.4,1.0
6.2971,49.4,1.0
7.1406,49.4,1.0
6.9065,49.4,1.0
7.3619,49.4,1.0
6.6483,49.4,1.0
7.1548,49.4,1.0
7.1738,49.4,1.0
7.1347,49.4,1.0
7.1961,49.4,1.0
7.2215,49.4,1.0
7.4367,49.4,1.0
7.0445,49.4,1.0
6.9076,49.4,1.0
6.9983,49.4,1.0
7.0695,49.4,1.0
7.4184,49.4,1.0
7.1807,49.4,1.0
7.0139,49.4,1.0
7.1053,49.4,1.0
7.5316,49.4,1.0
7.0452,49.4,1.0
7.1383,49.4,1.0
7.3046,49.4,1.0
7.1439,49.4,1.0
7.3218,49.4,1.0
7.3251,49.4,1.0
7.1304,49.4,1.0
7.1525,49.4,1.0
7.5288,49.4,1.0
6.9795,49.4,1.0
7.0833,49.4,1.0
7.3283,49.4,1.0
6.9948,49.4,1.0
7.0523,49.4,1.0
6.9338,49.4,1.0
7.3875,49.4,1.0
6.8424,49.4,1.0
7.4109,49.4,1.0
7.3126,49.4,1.0
7.0886,49.4,1.0
7.2492,49.4,1.0
6.6725,49.4,1.0
7.1021,49.4,1.0
7.361,49.4,1.0
7.2315,49.4,1.0
7.2554,49.4,1.0
7.4357,49.4,1.0
6.8882,49.4,1.0
6.8353,49.4,1.0
6.9876,49.4,1.0
7.0729,49.4,1.0
7.0275,49.4,1.0
7.1469,49.4,1.0
7.119,49.4,1.0
7.2084,49.4,1.0
7.161,49.4,1.0
7.0109,49.4,1.0
6.9038,49.4,1.0
7.1262,49.4,1.0
7.0066,49.4,1.0
6.8603,49.4,1.0
7.1607,49.4,1.0
6.9788,49.4,1.0
7.1823,49.4,1.0
6.5348,49.4,1.0
6.9517,49.4,1.0
7.0932,49.4,1.0
7.1892,49.4,1.0
7.095,49.4,1.0
7.2691,49.4,1.0
7.121,49.4,1.0
6.9011,49.4,1.0
7.1008,49.4,1.0
7.064,49.4,1.0
6.9574,49.4,1.0
7.263,49.4,1.0
6.3835,49.4,1.0
7.0145,49.4,1.0
7.0549,49.4,1.0
7.1499,49.4,1.0
6.8725,49.4,1.0
7.3866,49.4,1.0
6.9606,49.4,1.0
6.9345,49.4,1.0
6.9965,49.4,1.0
7.1949,49.4,1.0
7.0267,49.4,1.0
7.2274,49.4,1.0
6.8227,49.4,1.0
7.0645,49.4,1.0
6.9103,49.4,1.0
6.9277,49.4,1.0
7.3286,49.4,1.0
7.1308,49.4,1.0
6.9588,49.4,1.0
6.9361,49.4,1.0
6.8498,49.4,1.0
6.8942,49.4,1.0
7.3815,49.4,1.0
7.2155,49.4,1.0
6.7886,49.4,1.0
7.0124,49.4,1.0
7.226,49.4,1.0
7.4867,49.4,1.0
6.8068,49.4,1.0
7.1414,49.4,1.0
7.2696,49.4,1.0
7.191,49.4,1.0
6.9546,49.4,1.0
7.376,49.4,1.0
6.9812,49.4,1.0
7.1774,49.4,1.0
7.0544,49.4,1.0
7.1295,49.4,1.0
7.5403,49.4,1.0
6.9597,49.4,1.0
6.8796,49.4,1.0
6.9904,49.4,1.0
7.1866,49.4,1.0
7.4222,49.4,1.0
6.9155,49.4,1.0
7.1647,49.4,1.0
7.0598,49.4,1.0
7.1004,49.4,1.0
7.2423,49.4,1.0
7.1075,49.4,1.0
6.9816,49.4,1.0
7.2235,49.4,1.0
7.3668,49.4,1.0
6.788,49.4,1.0
7.0376,49.4,1.0
7.0509,49.4,1.0
7.0317,49.4,1.0
7.2228,49.4,1.0
7.0479,49.4,1.0
7.1102,49.4,1.0
7.0902,49.4,1.0
7.2049,49.4,1.0
7.0195,49.4,1.0
6.9131,49.4,1.0
7.2399,49.4,1.0
7.3754,49.4,1.0
7.0319,49.4,1.0
6.9955,49.4,1.0
7.0743,49.4,1.0
7.1807,49.4,1.0
6.924,49.4,1.0
7.226,49.4,1.0
6.9789,49.4,1.0
7.0797,49.4,1.0
7.3086,49.4,1.0
7.1504,49.4,1.0
7.117,49.4,1.0
6.8494,49.4,1.0
7.2925,49.4,1.0
6.9154,49.4,1.0
7.0391,49.4,1.0
7.0702,49.4,1.0
7.3983,49.4,1.0
7.0916,49.4,1.0
6.9378,49.4,1.0
7.1029,49.4,1.0
7.1682,49.4,1.0
6.9473,49.4,1.0
7.1578,49.4,1.0
7.0483,49.4,1.0
7.199,49.4,1.0
7.1247,49.4,1.0
7.1043,49.4,1.0
6.9747,49.4,1.0
7.2285,49.4,1.0
6.945,49.4,1.0
7.0219,49.4,1.0
7.0401,49.4,1.0
6.9837,49.4,1.0
7.1901,49.4,1.0
6.9918,49.4,1.0
7.1717,49.4,1.0
7.1452,49.4,1.0
7.2002,49.4,1.0
6.9979,49.4,1.0
7.0389,49.4,1.0
7.0194,49.4,1.0
7.3607,49.4,1.0
7.2088,49.4,1.0
7.3468,49.4,1.0
7.0996,49.4,1.0
7.0301,49.4,1.0
6.7547,49.4,1.0
7.3519,49.4,1.0
7.0772,49.4,1.0
6.8385,49.4,1.0
7.0206,49.4,1.0
7.2188,49.4,1.0
7.1652,49.4,1.0
7.1483,49.4,1.0
6.9037,49.4,1.0
6.9726,49.4,1.0
7.1646,49.4,1.0
7.0478,49.4,1.0
6.9584,49.4,1.0
7.0942,49.4,1.0
6.9958,49.4,1.0
7.1986,49.4,1.0
7.0183,49.4,1.0
7.334,49.4,1.0
7.0431,49.4,1.0
7.0697,49.4,1.0
7.1637,49.4,1.0
7.2111,49.4,1.0
6.7404,49.4,1.0
7.1224,49.4,1.0
6.8282,49.4,1.0
7.2823,49.4,1.0
6.9406,49.4,1.0
6.8761,49.4,1.0
7.3703,49.4,1.0
7.0518,49.4,1.0
6.8523,49.4,1.0
6.5802,49.4,1.0
7.0627,49.4,1.0
6.8669,49.4,1.0
7.1536,49.4,1.0
7.0505,49.4,1.0
7.06,49.4,1.0
7.2132,49.4,1.0
7.0622,49.4,1.0
6.94,49.4,1.0
6.946,49.4,1.0
7.1895,49.4,1.0
7.2974,49.4,1.0
7.3051,49.4,1.0
6.7913,49.4,1.0
7.0858,49.4,1.0
7.1226,49.4,1.0
6.011,49.4,1.0
6.9557,49.4,1.0
6.8764,49.4,1.0
6.9743,49.4,1.0
6.7568,49.4,1.0
6.8174,49.4,1.0
7.0158,49.4,1.0
7.3138,49.4,1.0
7.0345,49.4,1.0
7.162,49.4,1.0
7.0264,49.4,1.0
6.9843,49.4,1.0
7.0898,49.4,1.0
6.8314,49.4,1.0
7.435,49.4,1.0
7.1054,49.4,1.0
7.3595,49.4,1.0
7.1222,49.4,1.0
7.3033,49.4,1.0
7.0424,49.4,1.0
6.9019,49.4,1.0
7.4624,49.4,1.0
7.0866,49.4,1.0
7.0034,49.4,1.0
6.9716,49.4,1.0
6.9647,49.4,1.0
6.6167,49.4,1.0
6.9912,49.4,1.0
7.0349,49.4,1.0
7.2032,49.4,1.0
7.0721,49.4,1.0
7.095,49.4,1.0
7.2509,49.4,1.0
7.3311,49.4,1.0
7.0379,49.4,1.0
7.1165,49.4,1.0
7.2216,49.4,1.0
6.98,49.4,1.0
6.9601,49.4,1.0
7.1645,49.4,1.0
7.0793,49.4,1.0
6.9561,49.4,1.0
6.8383,49.4,1.0
7.097,49.4,1.0
7.123,49.4,1.0
6.9096,49.4,1.0
7.4511,49.4,1.0
7.0455,49.4,1.0
6.9368,49.4,1.0
7.3772,49.4,1.0
7.2513,49.4,1.0
6.5312,49.4,1.0
7.1643,49.4,1.0
6.9893,53.3,1.0
6.7284,53.3,1.0
7.05,53.3,1.0
6.9636,53.3,1.0
7.1161,53.3,1.0
6.7426,53.3,1.0
7.0122,53.3,1.0
7.1005,53.3,1.0
7.0265,53.3,1.0
7.0712,53.3,1.0
6.9214,53.3,1.0
6.8239,53.3,1.0
7.0798,53.3,1.0
7.1898,53.3,1.0
7.1305,53.3,1.0
7.5557,53.3,1.0
6.9532,53.3,1.0
6.9617,53.3,1.0
6.9834,53.3,1.0
6.8951,53.3,1.0
7.1427,53.3,1.0
7.1553,53.3,1.0
7.1406,53.3,1.0
7.1624,53.3,1.0
6.917,53.3,1.0
7.1238,53.3,1.0
6.8803,53.3,1.0
6.9731,53.3,1.0
6.5017,53.3,1.0
6.8877,53.3,1.0
6.736,53.3,1.0
6.9421,53.3,1.0
6.9778,53.3,1.0
7.2034,53.3,1.0
6.7463,53.3,1.0
6.7001,53.3,1.0
7.2254,53.3,1.0
7.026,53.3,1.0
7.0993,53.3,1.0
6.914,53.3,1.0
7.083,53.3,1.0
6.812,53.3,1.0
7.0195,53.3,1.0
6.9346,53.3,1.0
7.0229,53.3,1.0
7.1773,53.3,1.0
6.9769,53.3,1.0
7.0663,53.3,1.0
6.8124,53.3,1.0
6.837,53.3,1.0
7.1983,53.3,1.0
7.2168,53.3,1.0
7.1242,53.3,1.0
7.1487,53.3,1.0
6.8832,53.3,1.0
6.8252,53.3,1.0
7.0887,53.3,1.0
6.9999,53.3,1.0
6.7106,53.3,1.0
6.8729,53.3,1.0
6.8969,53.3,1.0
7.0667,53.3,1.0
7.2903,53.3,1.0
6.9465,53.3,1.0
7.186,53.3,1.0
7.2345,53.3,1.0
7.0124,53.3,1.0
6.9313,53.3,1.0
7.0218,53.3,1.0
6.9697,53.3,1.0
7.0052,53.3,1.0
7.2721,53.3,1.0
7.0237,53.3,1.0
6.9724,53.3,1.0
7.2938,53.3,1.0
7.1034,53.3,1.0
7.1796,53.3,1.0
7.2536,53.3,1.0
7.0287,53.3,1.0
7.3341,53.3,1.0
7.1248,53.3,1.0
7.1167,53.3,1.0
7.1019,53.3,1.0
6.8738,53.3,1.0
7.1286,53.3,1.0
7.2923,53.3,1.0
7.3516,53.3,1.0
7.4269,53.3,1.0
6.9309,53.3,1.0
7.1288,53.3,1.0
6.8556,53.3,1.0
6.9185,53.3,1.0
6.8332,53.3,1.0
7.4079,53.3,1.0
7.3284,53.3,1.0
6.7556,53.3,1.0
6.9478,53.3,1.0
6.7771,53.3,1.0
6.9493,53.3,1.0
7.1557,53.3,1.0
6.9796,53.3,1.0
6.8361,53.3,1.0
7.1176,53.3,1.0
6.9416,53.3,1.0
7.1911,53.3,1.0
7.008,53.3,1.0
7.1185,53.3,1.0
6.5201,53.3,1.0
6.8656,53.3,1.0
7.2834,53.3,1.0
6.9175,53.3,1.0
7.084,53.3,1.0
7.0485,53.3,1.0
7.0309,53.3,1.0
7.1758,53.3,1.0
7.3319,53.3,1.0
6.9801,53.3,1.0
7.0314,53.3,1.0
7.2331,53.3,1.0
6.8757,53.3,1.0
7.0115,53.3,1.0
7.2593,53.3,1.0
7.1214,53.3,1.0
7.2233,53.3,1.0
7.0748,53.3,1.0
6.8952,53.3,1.0
6.9688,53.3,1.0
6.8797,53.3,1.0
6.9447,53.3,1.0
7.2585,53.3,1.0
7.2311,53.3,1.0
6.9574,53.3,1.0
7.2982,53.3,1.0
6.717,53.3,1.0
7.1444,53.3,1.0
6.7451,53.3,1.0
7.0316,53.3,1.0
7.0292,53.3,1.0
6.939,53.3,1.0
6.8126,53.3,1.0
7.4075,53.3,1.0
6.9804,53.3,1.0
7.035,53.3,1.0
7.1341,53.3,1.0
6.8363,53.3,1.0
7.0251,53.3,1.0
7.266,53.3,1.0
6.8669,53.3,1.0
6.9664,53.3,1.0
7.1008,53.3,1.0
6.916,53.3,1.0
7.2742,53.3,1.0
7.1217,53.3,1.0
6.9498,53.3,1.0
7.4186,53.3,1.0
7.1162,53.3,1.0
7.1155,53.3,1.0
6.7361,53.3,1.0
6.7131,53.3,1.0
7.0073,53.3,1.0
6.9632,53.3,1.0
7.1721,53.3,1.0
7.1618,53.3,1.0
6.7498,53.3,1.0
7.1964,53.3,1.0
6.9289,53.3,1.0
7.2429,53.3,1.0
7.0725,53.3,1.0
7.0691,53.3,1.0
6.5546,53.3,1.0
7.0574,53.3,1.0
6.7503,53.3,1.0
7.266,53.3,1.0
7.1587,53.3,1.0
6.8999,53.3,1.0
6.6205,53.3,1.0
7.4109,53.3,1.0
7.0382,53.3,1.0
7.029,53.3,1.0
7.0822,53.3,1.0
6.9103,53.3,1.0
6.9562,53.3,1.0
6.7773,53.3,1.0
6.9668,53.3,1.0
7.2238,53.3,1.0
6.9643,53.3,1.0
6.8556,53.3,1.0
7.0463,53.3,1.0
7.2026,53.3,1.0
7.0374,53.3,1.0
7.1017,53.3,1.0
7.0196,53.3,1.0
7.135,53.3,1.0
7.0283,53.3,1.0
7.093,53.3,1.0
7.1996,53.3,1.0
6.7348,53.3,1.0
7.1895,53.3,1.0
7.1552,53.3,1.0
6.9704,53.3,1.0
7.2647,53.3,1.0
7.013,53.3,1.0
7.0797,53.3,1.0
6.8962,53.3,1.0
7.1224,53.3,1.0
7.1344,53.3,1.0
6.8829,53.3,1.0
6.9082,53.3,1.0
7.1817,53.3,1.0
6.9731,53.3,1.0
6.89,53.3,1.0
7.1422,53.3,1.0
6.8179,53.3,1.0
7.2215,53.3,1.0
6.6841,53.3,1.0
7.076,53.3,1.0
6.8703,53.3,1.0
6.8222,53.3,1.0
7.1978,53.3,1.0
6.9802,53.3,1.0
7.1381,53.3,1.0
7.3111,53.3,1.0
6.9024,53.3,1.0
7.0217,53.3,1.0
7.0417,53.3,1.0
7.0407,53.3,1.0
7.0762,53.3,1.0
6.929,53.3,1.0
7.2625,53.3,1.0
6.862,53.3,1.0
7.1201,53.3,1.0
6.9046,53.3,1.0
6.9138,53.3,1.0
7.0151,53.3,1.0
6.7527,53.3,1.0
6.9005,53.3,1.0
6.9598,53.3,1.0
6.8883,53.3,1.0
6.9221,53.3,1.0
7.1976,53.3,1.0
6.9991,53.3,1.0
6.9478,53.3,1.0
7.1828,53.3,1.0
6.8045,53.3,1.0
6.8488,53.3,1.0
6.5547,53.3,1.0
6.9118,53.3,1.0
7.1796,53.3,1.0
7.1228,53.3,1.0
7.279,53.3,1.0
7.1628,53.3,1.0
7.0462,53.3,1.0
7.141,53.3,1.0
7.224,53.3,1.0
6.8459,53.3,1.0
6.8594,53.3,1.0
6.6349,53.3,1.0
7.0552,53.3,1.0
6.8766,53.3,1.0
7.2654,53.3,1.0
6.8549,53.3,1.0
7.0691,53.3,1.0
7.1014,53.3,1.0
6.8472,53.3,1.0
6.957,53.3,1.0
7.1296,53.3,1.0
6.8062,53.3,1.0
6.8726,53.3,1.0
7.1967,53.3,1.0
7.1699,53.3,1.0
6.7586,53.3,1.0
6.9487,53.3,1.0
7.2663,53.3,1.0
6.6147,53.3,1.0
6.9063,53.3,1.0
6.7638,53.3,1.0
6.8047,53.3,1.0
7.0777,53.3,1.0
7.1228,53.3,1.0
7.1315,53.3,1.0
7.0821,53.3,1.0
6.8892,53.3,1.0
6.8825,53.3,1.0
7.0931,53.3,1.0
7.1195,53.3,1.0
6.9875,53.3,1.0
6.9404,53.3,1.0
7.284,53.3,1.0
7.3806,53.3,1.0
6.9128,53.3,1.0
7.1722,53.3,1.0
6.9426,53.3,1.0
7.0574,53.3,1.0
6.8244,53.3,1.0
7.2842,53.3,1.0
7.0541,53.3,1.0
7.0533,53.3,1.0
6.5315,55.7,1.0
7.1831,55.7,1.0
7.0697,55.7,1.0
7.2491,55.7,1.0
6.9898,55.7,1.0
7.1359,55.7,1.0
6.7984,55.7,1.0
6.9556,55.7,1.0
7.0721,55.7,1.0
6.6075,55.7,1.0
6.7975,55.7,1.0
6.9467,55.7,1.0
6.8398,55.7,1.0
7.2637,55.7,1.0
6.871,55.7,1.0
6.9953,55.7,1.0
6.467,55.7,1.0
6.8289,55.7,1.0
6.9495,55.7,1.0
7.0515,55.7,1.0
7.4614,55.7,1.0
7.0799,55.7,1.0
7.2444,55.7,1.0
6.7618,55.7,1.0
7.0909,55.7,1.0
7.0252,55.7,1.0
7.1792,55.7,1.0
7.031,55.7,1.0
7.3054,55.7,1.0
6.7724,55.7,1.0
6.856,55.7,1.0
7.0069,55.7,1.0
7.1462,55.7,1.0
7.0642,55.7,1.0
6.6876,55.7,1.0
6.8014,55.7,1.0
6.9669,55.7,1.0
7.31,55.7,1.0
6.5807,55.7,1.0
7.0282,55.7,1.0
6.9565,55.7,1.0
6.9622,55.7,1.0
7.2483,55.7,1.0
7.0654,55.7,1.0
7.2364,55.7,1.0
7.0807,55.7,1.0
6.8303,55.7,1.0
7.0903,55.7,1.0
6.6849,55.7,1.0
7.0032,55.7,1.0
6.9804,55.7,1.0
7.0411,55.7,1.0
6.7532,55.7,1.0
6.9314,55.7,1.0
7.0661,55.7,1.0
7.1684,55.7,1.0
6.9255,55.7,1.0
6.7716,55.7,1.0
6.9787,55.7,1.0
6.8819,55.7,1.0
7.0412,55.7,1.0
7.2155,55.7,1.0
6.8034,55.7,1.0
7.0356,55.7,1.0
7.0458,55.7,1.0
6.7718,55.7,1.0
7.1312,55.7,1.0
7.2327,55.7,1.0
6.9332,55.7,1.0
7.0581,55.7,1.0
6.9846,55.7,1.0
7.4029,55.7,1.0
7.0617,55.7,1.0
6.9527,55.7,1.0
6.6077,55.7,1.0
7.1915,55.7,1.0
7.041,55.7,1.0
6.7529,55.7,1.0
7.355,55.7,1.0
7.0286,55.7,1.0
6.9512,55.7,1.0
7.5821,55.7,1.0
6.8344,55.7,1.0
7.0337,55.7,1.0
7.0883,55.7,1.0
7.0168,55.7,1.0
7.0416,55.7,1.0
7.2242,55.7,1.0
7.0476,55.7,1.0
7.1071,55.7,1.0
7.1007,55.7,1.0
6.9709,55.7,1.0
7.0419,55.7,1.0
6.9227,55.7,1.0
6.9097,55.7,1.0
7.0548,55.7,1.0
7.0827,55.7,1.0
7.0537,55.7,1.0
6.5667,55.7,1.0
7.0249,55.7,1.0
6.8808,55.7,1.0
6.8727,55.7,1.0
6.9744,55.7,1.0
6.8896,55.7,1.0
7.1851,55.7,1.0
7.0135,55.7,1.0
7.156,55.7,1.0
7.2793,55.7,1.0
7.1634,55.7,1.0
7.0163,55.7,1.0
7.2889,55.7,1.0
6.9476,55.7,1.0
7.1451,55.7,1.0
7.1788,55.7,1.0
7.3036,55.7,1.0
6.9396,55.7,1.0
7.1537,55.7,1.0
6.9773,55.7,1.0
6.8799,55.7,1.0
7.0527,55.7,1.0
7.0169,55.7,1.0
6.7418,55.7,1.0
6.3852,55.7,1.0
7.0426,55.7,1.0
7.0851,55.7,1.0
6.8172,55.7,1.0
7.0281,55.7,1.0
7.0226,55.7,1.0
7.0823,55.7,1.0
7.1394,55.7,1.0
7.1206,55.7,1.0
7.126,55.7,1.0
6.9423,55.7,1.0
6.9364,55.7,1.0
7.071,55.7,1.0
6.9769,55.7,1.0
6.7094,55.7,1.0
7.0654,55.7,1.0
6.6833,55.7,1.0
6.8833,55.7,1.0
6.9202,55.7,1.0
6.8476,55.7,1.0
6.777,55.7,1.0
6.9152,55.7,1.0
7.1165,55.7,1.0
6.8041,55.7,1.0
6.9284,55.7,1.0
7.0538,55.7,1.0
7.3294,55.7,1.0
6.9897,55.7,1.0
6.8407,55.7,1.0
7.1803,55.7,1.0
6.7415,55.7,1.0
6.9009,55.7,1.0
6.823,55.7,1.0
7.1087,55.7,1.0
7.0638,55.7,1.0
6.7296,55.7,1.0
6.8679,55.7,1.0
7.1254,55.7,1.0
6.6778,55.7,1.0
7.3039,55.7,1.0
7.0497,55.7,1.0
7.0396,55.7,1.0
7.1273,55.7,1.0
7.2304,55.7,1.0
7.2357,55.7,1.0
7.0664,55.7,1.0
6.7923,55.7,1.0
6.8863,55.7,1.0
6.923,55.7,1.0
6.9414,55.7,1.0
7.2492,55.7,1.0
7.225,55.7,1.0
7.0223,55.7,1.0
7.058,55.7,1.0
6.8655,55.7,1.0
7.086,55.7,1.0
7.2416,55.7,1.0
6.9492,55.7,1.0
6.9434,55.7,1.0
7.1517,55.7,1.0
7.1292,55.7,1.0
7.0942,55.7,1.0
7.0638,55.7,1.0
7.2419,55.7,1.0
6.9037,55.7,1.0
6.9139,55.7,1.0
6.9656,55.7,1.0
6.7336,55.7,1.0
6.8466,55.7,1.0
6.8653,55.7,1.0
7.1305,55.7,1.0
7.0619,55.7,1.0
7.2354,55.7,1.0
6.9281,55.7,1.0
7.1006,55.7,1.0
6.7897,55.7,1.0
6.8869,55.7,1.0
6.6689,55.7,1.0
6.9544,55.7,1.0
6.9971,55.7,1.0
6.9242,55.7,1.0
6.3914,55.7,1.0
7.067,55.7,1.0
6.8124,55.7,1.0
7.2849,55.7,1.0
7.1744,55.7,1.0
7.1006,55.7,1.0
6.9562,55.7,1.0
6.5851,55.7,1.0
7.0223,55.7,1.0
6.8923,55.7,1.0
6.9476,55.7,1.0
7.0621,55.7,1.0
7.1769,55.7,1.0
6.9316,55.7,1.0
6.8226,55.7,1.0
6.9742,55.7,1.0
6.5836,55.7,1.0
7.0293,55.7,1.0
7.1633,55.7,1.0
7.2006,55.7,1.0
7.0059,55.7,1.0
7.0924,55.7,1.0
7.0808,55.7,1.0
6.9809,55.7,1.0
6.9544,55.7,1.0
7.1902,55.7,1.0
7.2573,55.7,1.0
7.2306,55.7,1.0
7.1404,55.7,1.0
6.9417,55.7,1.0
7.001,55.7,1.0
7.17,55.7,1.0
6.9716,55.7,1.0
7.037,55.7,1.0
6.8662,55.7,1.0
7.1716,55.7,1.0
6.6736,55.7,1.0
6.8632,55.7,1.0
6.7772,55.7,1.0
7.0905,55.7,1.0
6.9035,55.7,1.0
6.8377,55.7,1.0
7.0897,55.7,1.0
7.0451,55.7,1.0
6.7255,55.7,1.0
7.1183,55.7,1.0
7.0692,55.7,1.0
7.1116,55.7,1.0
6.8782,55.7,1.0
6.8041,55.7,1.0
6.9613,55.7,1.0
6.9735,55.7,1.0
7.1936,55.7,1.0
6.9344,55.7,1.0
7.1231,55.7,1.0
6.9944,55.7,1.0
6.6494,55.7,1.0
7.0054,55.7,1.0
6.9695,55.7,1.0
6.9813,55.7,1.0
7.1164,55.7,1.0
6.7125,55.7,1.0
7.0426,55.7,1.0
6.5757,55.7,1.0
6.5464,55.7,1.0
7.0672,55.7,1.0
6.7728,55.7,1.0
6.8625,55.7,1.0
7.0828,55.7,1.0
6.7353,55.7,1.0
6.4786,55.7,1.0
6.9043,55.7,1.0
6.9961,55.7,1.0
7.0649,55.7,1.0
6.9314,55.7,1.0
7.0416,55.7,1.0
7.2312,55.7,1.0
6.9759,55.7,1.0
7.1882,55.7,1.0
6.8805,55.7,1.0
7.1421,55.7,1.0
7.1243,55.7,1.0
7.1328,55.7,1.0
6.7166,55.7,1.0
7.4214,55.7,1.0
7.081,55.7,1.0
6.9755,55.7,1.0
6.7833,55.7,1.0
6.8454,55.7,1.0
6.8909,55.7,1.0
7.049,55.7,1.0
7.0234,55.7,1.0
7.0229,55.7,1.0
6.7799,55.7,1.0
6.8592,55.7,1.0
7.0875,55.7,1.0
6.9974,55.7,1.0
6.8929,55.7,1.0
6.9619,55.7,1.0
6.8413,55.7,1.0
7.0734,55.7,1.0
6.7382,55.7,1.0
7.0112,55.7,1.0
6.9319,55.7,1.0
6.9693,55.7,1.0
6.9848,55.7,1.0
6.9846,55.7,1.0
6.9664,55.7,1.0
7.0629,55.7,1.0
6.9913,55.7,1.0
7.1412,55.7,1.0
7.1069,55.7,1.0
6.8648,55.7,1.0
7.285,55.7,1.0
6.8907,55.7,1.0
6.8103,55.7,1.0
7.2005,55.7,1.0
7.1998,55.7,1.0
7.0248,55.7,1.0
7.0386,55.7,1.0
7.3411,55.7,1.0
7.0763,55.7,1.0
7.0829,55.7,1.0
7.1639,55.7,1.0
6.6781,55.7,1.0
7.1412,55.7,1.0
6.8338,55.7,1.0
6.4987,55.7,1.0
6.6927,55.7,1.0
6.8335,55.7,1.0
6.9295,55.7,1.0
7.1011,55.7,1.0
6.9856,55.7,1.0
7.0061,55.7,1.0
6.9232,55.7,1.0
7.1285,55.7,1.0
6.9695,55.7,1.0
7.0156,55.7,1.0
7.2803,55.7,1.0
7.1302,55.7,1.0
6.8664,55.7,1.0
7.0174,55.7,1.0
7.2873,55.7,1.0
7.355,55.7,1.0
7.0092,55.7,1.0
6.9265,55.7,1.0
6.905,55.7,1.0
6.7827,55.7,1.0
7.033,55.7,1.0
6.9607,55.7,1.0
7.1955,55.7,1.0
7.1206,55.7,1.0
6.8886,55.7,1.0
6.9741,55.7,1.0
6.7891,55.7,1.0
7.0859,55.7,1.0
7.246,55.7,1.0
6.936,55.7,1.0
7.0626,55.7,1.0
7.2464,55.7,1.0
6.8721,55.7,1.0
6.9373,55.7,1.0
6.713,55.7,1.0
6.9299,55.7,1.0
7.1162,55.7,1.0
6.9011,55.7,1.0
7.0721,55.7,1.0
6.708,55.7,1.0
6.7854,55.7,1.0
7.0402,55.7,1.0
6.6764,55.7,1.0
6.8044,55.7,1.0
7.0727,55.7,1.0
6.9398,55.7,1.0
6.6957,55.7,1.0
7.2272,55.7,1.0
7.0146,55.7,1.0
6.9538,55.7,1.0
6.8579,55.7,1.0
7.1094,55.7,1.0
7.0403,55.7,1.0
6.9667,55.7,1.0
7.0055,55.7,1.0
7.0814,55.7,1.0
7.1002,55.7,1.0
6.8083,55.7,1.0
6.8372,55.7,1.0
7.2045,55.7,1.0
7.3283,55.7,1.0
6.9614,55.7,1.0
6.9543,55.7,1.0
7.1531,55.7,1.0
7.167,55.7,1.0
6.9211,55.7,1.0
6.9451,55.7,1.0
7.3143,55.7,1.0
6.9467,55.7,1.0
7.0231,55.7,1.0
6.7201,55.7,1.0
6.9644,55.7,1.0
6.8777,55.7,1.0
7.0591,55.7,1.0
7.0281,55.7,1.0
6.9909,55.7,1.0
7.0861,55.7,1.0
7.0452,55.7,1.0
6.8099,55.7,1.0
7.3495,55.7,1.0
6.664,55.7,1.0
6.6305,55.7,1.0
6.6908,55.7,1.0
7.0382,55.7,1.0
7.1366,55.7,1.0
7.2285,55.7,1.0
7.008,55.7,1.0
7.2276,55.7,1.0
7.1976,55.7,1.0
7.0998,55.7,1.0
6.9803,55.7,1.0
6.6265,55.7,1.0
6.7994,55.7,1.0
6.8313,55.7,1.0
7.084,55.7,1.0
7.1529,55.7,1.0
7.0898,55.7,1.0
7.0096,55.7,1.0
6.6919,55.7,1.0
6.9275,55.7,1.0
6.7409,55.7,1.0
6.608,55.7,1.0
7.0681,55.7,1.0
7.1644,55.7,1.0
6.9262,55.7,1.0
7.1416,55.7,1.0
6.8172,55.7,1.0
7.0088,55.7,1.0
6.6638,55.7,1.0
7.1963,55.7,1.0
7.1215,55.7,1.0
6.8783,55.7,1.0
6.9194,55.7,1.0
7.0541,55.7,1.0
7.0844,55.7,1.0
7.143,55.7,1.0
6.9382,55.7,1.0
6.8623,55.7,1.0
6.8449,55.7,1.0
7.008,55.7,1.0
7.011,55.7,1.0
6.7824,55.7,1.0
6.9993,55.7,1.0
6.982,55.7,1.0
7.1123,55.7,1.0
6.9049,55.7,1.0
7.1738,55.7,1.0
6.9,55.7,1.0
7.0237,55.7,1.0
7.1258,55.7,1.0
7.0642,55.7,1.0
7.2793,55.7,1.0
6.8364,55.7,1.0
6.8916,55.7,1.0
7.0668,55.7,1.0
6.8231,55.7,1.0
7.1098,55.7,1.0
6.932,55.7,1.0
6.8987,55.7,1.0
7.0019,55.7,1.0
6.8421,55.7,1.0
7.1002,55.7,1.0
6.6239,55.7,1.0
7.1122,55.7,1.0
7.1305,55.7,1.0
7.0704,55.7,1.0
6.9956,55.7,1.0
6.9168,55.7,1.0
6.8912,55.7,1.0
6.8525,55.7,1.0
6.6116,55.7,1.0
6.8058,55.7,1.0
6.9152,55.7,1.0
6.2763,55.7,1.0
6.8951,55.7,1.0
6.9809,55.7,1.0
6.727,55.7,1.0
7.0339,55.7,1.0
6.8569,55.7,1.0
7.0655,55.7,1.0
7.5087,55.7,1.0
7.3395,55.7,1.0
7.0459,55.7,1.0
6.8457,55.7,1.0
7.0217,55.7,1.0
6.8805,55.7,1.0
7.038,55.7,1.0
6.9111,55.7,1.0
7.0099,55.7,1.0
6.6381,55.7,1.0
7.145,55.7,1.0
7.0387,55.7,1.0
7.1998,55.7,1.0
7.1337,55.7,1.0
7.1688,55.7,1.0
6.9268,55.7,1.0
7.0868,55.7,1.0
6.8562,55.7,1.0
7.0933,55.7,1.0
7.3594,55.7,1.0
7.0312,55.7,1.0
6.7169,55.7,1.0
6.9192,55.7,1.0
6.3659,55.7,1.0
6.6873,55.7,1.0
6.7661,55.7,1.0
7.2293,55.7,1.0
6.8188,55.7,1.0
6.8732,55.7,1.0
6.972,55.7,1.0
6.8916,55.7,1.0
7.0705,55.7,1.0
7.2263,55.7,1.0
7.1003,55.7,1.0
6.9012,55.7,1.0
7.1517,55.7,1.0
6.7084,55.7,1.0
7.0669,55.7,1.0
6.9408,55.7,1.0
6.8619,55.7,1.0
7.0251,55.7,1.0
6.5488,55.7,1.0
6.7453,55.7,1.0
6.8964,55.7,1.0
6.8032,55.7,1.0
6.8955,55.7,1.0
6.7052,55.7,1.0
6.9204,55.7,1.0
6.8402,55.7,1.0
6.5344,55.7,1.0
6.9519,55.7,1.0
7.2078,55.7,1.0
6.8498,55.7,1.0
7.1095,55.7,1.0
7.0869,55.7,1.0
7.0623,55.7,1.0
6.8433,55.7,1.0
6.8413,55.7,1.0
6.3862,55.7,1.0
6.8818,55.7,1.0
6.9804,55.7,1.0
6.815,55.7,1.0
7.0022,55.7,1.0
6.8569,55.7,1.0
6.5884,55.7,1.0
6.7112,55.7,1.0
6.7777,55.7,1.0
6.9064,55.7,1.0
6.9894,55.7,1.0
7.1168,55.7,1.0
7.0345,55.7,1.0
7.1147,55.7,1.0
6.8581,55.7,1.0
6.8265,55.7,1.0
6.8538,55.7,1.0
6.8338,55.7,1.0
7.247,55.7,1.0
6.8737,55.7,1.0
7.5581,55.7,1.0
6.8962,55.7,1.0
6.7978,55.7,1.0
6.7914,55.7,1.0
6.8217,55.7,1.0
6.8519,55.7,1.0
7.2268,55.7,1.0
6.8191,55.7,1.0
7.0179,55.7,1.0
6.9275,55.7,1.0
7.0219,55.7,1.0
7.1785,55.7,1.0
6.9177,55.7,1.0
7.0736,55.7,1.0
6.5811,55.7,1.0
6.7854,55.7,1.0
7.0043,55.7,1.0
7.0635,55.7,1.0
6.8153,55.7,1.0
7.1267,55.7,1.0
6.9434,55.7,1.0
6.4554,55.7,1.0
7.0519,55.7,1.0
6.8909,55.7,1.0
6.839,55.7,1.0
7.2148,55.7,1.0
7.3446,55.7,1.0
7.246,55.7,1.0
6.7915,55.7,1.0
7.0781,55.7,1.0
6.8337,55.7,1.0
6.8664,55.7,1.0
7.0635,55.7,1.0
6.8518,55.7,1.0
7.0583,55.7,1.0
6.8356,55.7,1.0
7.0627,55.7,1.0
6.8215,55.7,1.0
6.6367,55.7,1.0
6.7338,55.7,1.0
6.9983,55.7,1.0
6.4973,55.7,1.0
6.5777,55.7,1.0
7.1008,55.7,1.0
7.0137,55.7,1.0
7.0589,55.7,1.0
7.1198,55.7,1.0
6.6463,55.7,1.0
6.9063,55.7,1.0
7.232,55.7,1.0
6.7166,55.7,1.0
6.9503,55.7,1.0
7.1126,55.7,1.0
6.9946,55.7,1.0
7.3079,55.7,1.0
6.8804,55.7,1.0
6.8953,55.7,1.0
7.3182,55.7,1.0
6.7018,55.7,1.0
7.0684,55.7,1.0
6.8987,55.7,1.0
6.7365,55.7,1.0
6.8541,55.7,1.0
7.0544,55.7,1.0
6.7106,55.7,1.0
7.0297,55.7,1.0
6.8523,55.7,1.0
6.7353,55.7,1.0
6.8674,55.7,1.0
6.9835,55.7,1.0
6.7427,55.7,1.0
6.9397,55.7,1.0
7.0482,55.7,1.0
6.5854,55.7,1.0
6.933,55.7,1.0
7.1341,55.7,1.0
6.8832,55.7,1.0
7.1824,55.7,1.0
7.0006,55.7,1.0
6.9285,55.7,1.0
6.9721,55.7,1.0
6.7947,55.7,1.0
7.0618,55.7,1.0
6.8864,55.7,1.0
6.7288,55.7,1.0
6.9074,55.7,1.0
6.7422,55.7,1.0
7.1156,55.7,1.0
6.7823,55.7,1.0
7.1651,55.7,1.0
6.7492,55.7,1.0
7.2178,55.7,1.0
6.8917,55.7,1.0
6.972,55.7,1.0
6.6582,55.7,1.0
6.8404,55.7,1.0
6.9237,55.7,1.0
6.9756,55.7,1.0
7.1349,55.7,1.0
7.3273,55.7,1.0
6.8629,55.7,1.0
6.7024,55.7,1.0
7.2145,55.7,1.0
6.8359,55.7,1.0
7.0385,55.7,1.0
7.0469,55.7,1.0
6.9313,55.7,1.0
6.9674,55.7,1.0
6.937,55.7,1.0
6.6878,55.7,1.0
7.0795,55.7,1.0
7.1088,55.7,1.0
7.1651,55.7,1.0
6.8396,55.7,1.0
7.1337,55.7,1.0
7.1522,55.7,1.0
7.0764,55.7,1.0
7.0987,55.7,1.0
6.9768,55.7,1.0
6.8349,55.7,1.0
6.9461,55.7,1.0
6.2118,55.7,1.0
6.8595,55.7,1.0
6.8888,55.7,1.0
7.2353,55.7,1.0
7.2332,55.7,1.0
6.9762,55.7,1.0
7.0904,55.7,1.0
6.8732,55.7,1.0
6.9551,55.7,1.0
6.8019,55.7,1.0
7.238,55.7,1.0
7.0886,55.7,1.0
7.0655,55.7,1.0
7.2378,55.7,1.0
7.1107,55.7,1.0
6.7987,55.7,1.0
6.9247,55.7,1.0
6.9593,55.7,1.0
7.1325,55.7,1.0
6.8096,55.7,1.0
7.1371,55.7,1.0
7.0464,55.7,1.0
6.8688,55.7,1.0
6.8278,55.7,1.0
7.1489,55.7,1.0
7.1075,55.7,1.0
6.9927,55.7,1.0
7.112,55.7,1.0
6.9096,55.7,1.0
6.8996,55.7,1.0
7.0266,55.7,1.0
7.445,55.7,1.0
7.0986,55.7,1.0
6.9177,55.7,1.0
7.1076,55.7,1.0
6.9834,55.7,1.0
6.8592,55.7,1.0
6.3298,55.7,1.0
6.9251,55.7,1.0
6.8723,55.7,1.0
7.1026,55.7,1.0
7.1697,55.7,1.0
7.1283,55.7,1.0
6.7009,55.7,1.0
6.6413,55.7,1.0
7.0168,55.7,1.0
6.5437,55.7,1.0
7.1275,55.7,1.0
6.4418,55.7,1.0
6.7106,55.7,1.0
7.1392,55.7,1.0
7.2803,55.7,1.0
6.8103,55.7,1.0
7.1676,55.7,1.0
6.7543,55.7,1.0
7.1982,55.7,1.0
7.0439,55.7,1.0
6.6648,55.7,1.0
6.716,55.7,1.0
7.1617,55.7,1.0
7.1299,55.7,1.0
6.6534,55.7,1.0
6.9954,55.7,1.0
6.7713,55.7,1.0
6.8907,55.7,1.0
7.3648,55.7,1.0
6.6263,55.7,1.0
6.9259,55.7,1.0
6.8108,55.7,1.0
7.0507,55.7,1.0
6.9161,55.7,1.0
6.8723,55.7,1.0
6.984,55.7,1.0
6.6758,55.7,1.0
6.696,55.7,1.0
7.1764,55.7,1.0
7.145,55.7,1.0
6.8768,55.7,1.0
6.8037,55.7,1.0
6.8228,55.7,1.0
7.0577,55.7,1.0
6.7201,55.7,1.0
6.8355,55.7,1.0
6.8824,55.7,1.0
7.1681,55.7,1.0
7.0183,55.7,1.0
7.1887,55.7,1.0
6.6133,55.7,1.0
6.8655,55.7,1.0
6.9852,55.7,1.0
6.729,55.7,1.0
7.2688,55.7,1.0
6.9618,55.7,1.0
7.0096,55.7,1.0
7.2832,55.7,1.0
6.9945,55.7,1.0
6.76,55.7,1.0
6.8932,55.7,1.0
7.182,55.7,1.0
6.688,55.7,1.0
7.1556,55.7,1.0
7.2817,55.7,1.0
6.8334,55.7,1.0
7.11,55.7,1.0
6.9796,55.7,1.0
6.9754,55.7,1.0
6.849,55.7,1.0
7.0257,55.7,1.0
7.0434,55.7,1.0
6.61,55.7,1.0
7.0674,55.7,1.0
7.0856,55.7,1.0
7.0226,55.7,1.0
7.0203,55.7,1.0
6.9945,55.7,1.0
7.0025,55.7,1.0
6.6395,55.7,1.0
7.1033,55.7,1.0
6.89,55.7,1.0
6.4679,55.7,1.0
6.6533,55.7,1.0
6.6951,55.7,1.0
7.0384,55.7,1.0
6.7782,55.7,1.0
6.9009,55.7,1.0
7.2976,55.7,1.0
6.878,55.7,1.0
6.9428,55.7,1.0
7.1193,55.7,1.0
7.0342,55.7,1.0
6.8569,55.7,1.0
6.9159,55.7,1.0
7.1298,55.7,1.0
6.872,55.7,1.0
6.9985,55.7,1.0
6.5492,55.7,1.0
6.9256,55.7,1.0
6.8513,55.7,1.0
6.9538,55.7,1.0
6.9102,55.7,1.0
7.0047,55.7,1.0
7.1218,55.7,1.0
6.7603,55.7,1.0
7.0253,55.7,1.0
6.8765,55.7,1.0
6.8061,55.7,1.0
6.6599,55.7,1.0
6.7171,55.7,1.0
6.7452,55.7,1.0
7.003,55.7,1.0
7.1053,55.7,1.0
6.906,55.7,1.0
6.9845,55.7,1.0
6.8616,55.7,1.0
6.691,55.7,1.0
6.8316,55.7,1.0
6.8646,55.7,1.0
6.8613,55.7,1.0
7.0866,55.7,1.0
7.0101,55.7,1.0
7.1505,55.7,1.0
6.8704,55.7,1.0
7.1147,55.7,1.0
6.8569,55.7,1.0
7.0189,55.7,1.0
6.9659,55.7,1.0
7.1567,55.7,1.0
6.9741,55.7,1.0
6.7494,55.7,1.0
6.9596,55.7,1.0
7.1059,55.7,1.0
7.0755,55.7,1.0
7.0258,55.7,1.0
7.4128,55.7,1.0
6.8998,55.7,1.0
6.9117,55.7,1.0
7.1421,55.7,1.0
6.9321,55.7,1.0
6.7388,55.7,1.0
7.1339,55.7,1.0
6.9427,55.7,1.0
7.0208,55.7,1.0
6.9852,55.7,1.0
6.903,55.7,1.0
6.3971,55.7,1.0
6.5517,55.7,1.0
6.8521,55.7,1.0
7.0465,55.7,1.0
6.7821,55.7,1.0
7.016,55.7,1.0
6.7835,55.7,1.0
7.0445,55.7,1.0
7.0226,55.7,1.0
6.8604,55.7,1.0
6.8742,55.7,1.0
6.8724,55.7,1.0
7.1072,55.7,1.0
6.6666,55.7,1.0
6.9181,55.7,1.0
6.9696,55.7,1.0
6.7494,55.7,1.0
6.8468,55.7,1.0
6.9577,55.7,1.0
6.9583,55.7,1.0
7.165,55.7,1.0
6.6525,55.7,1.0
7.2983,55.7,1.0
7.2541,55.7,1.0
7.2581,55.7,1.0
7.3774,55.7,1.0
7.2167,55.7,1.0
6.918,55.7,1.0
6.9604,55.7,1.0
6.9724,55.7,1.0
7.0804,55.7,1.0
6.9192,55.7,1.0
7.0378,55.7,1.0
6.3493,55.7,1.0
6.7556,55.7,1.0
7.0414,55.7,1.0
6.8408,55.7,1.0
6.9846,55.7,1.0
7.0122,55.7,1.0
6.9286,55.7,1.0
7.5062,55.7,1.0
6.8286,55.7,1.0
7.112,55.7,1.0
6.9594,55.7,1.0
7.1471,55.7,1.0
6.805,55.7,1.0
7.2114,55.7,1.0
6.851,55.7,1.0
6.7979,55.7,1.0
6.9266,55.7,1.0
6.9681,55.7,1.0
6.8198,55.7,1.0
7.3004,55.7,1.0
6.5859,55.7,1.0
7.1192,55.7,1.0
7.0557,55.7,1.0
7.2566,55.7,1.0
6.8199,55.7,1.0
6.9853,55.7,1.0
6.9798,55.7,1.0
6.8837,55.7,1.0
6.941,55.7,1.0
7.2577,55.7,1.0
7.1326,55.7,1.0
6.8612,55.7,1.0
6.86,55.7,1.0
7.1033,55.7,1.0
7.1742,55.7,1.0
7.0021,55.7,1.0
6.9262,55.7,1.0
7.2418,55.7,1.0
7.3048,55.7,1.0
7.0647,55.7,1.0
7.0681,55.7,1.0
6.5422,55.7,1.0
7.0406,55.7,1.0
7.2357,55.7,1.0
7.104,55.7,1.0
7.4272,55.7,1.0
6.8546,55.7,1.0
6.8665,55.7,1.0
6.9322,55.7,1.0
6.72,55.7,1.0
7.2453,55.7,1.0
6.7362,55.7,1.0
6.738,55.7,1.0
6.314,55.7,1.0
6.9255,55.7,1.0
6.7172,55.7,1.0
6.4402,55.7,1.0
6.6988,55.7,1.0
7.0875,55.7,1.0
6.9813,55.7,1.0
6.7867,55.7,1.0
6.8126,55.7,1.0
7.1446,55.7,1.0
7.2214,55.7,1.0
6.9836,55.7,1.0
7.0221,55.7,1.0
7.0035,55.7,1.0
6.4682,55.7,1.0
6.7908,55.7,1.0
6.88,55.7,1.0
6.883,55.7,1.0
7.0861,55.7,1.0
6.8267,55.7,1.0
7.253,55.7,1.0
6.7452,55.7,1.0
7.4184,55.7,1.0
6.8458,55.7,1.0
6.6264,55.7,1.0
6.9243,55.7,1.0
6.9892,55.7,1.0
6.9542,55.7,1.0
7.1644,55.7,1.0
7.1338,55.7,1.0
6.9187,55.7,1.0
6.5447,55.7,1.0
6.7924,55.7,1.0
6.7833,55.7,1.0
7.0027,55.7,1.0
6.8766,55.7,1.0
7.1625,55.7,1.0
7.0269,55.7,1.0
7.0792,55.7,1.0
6.9816,55.7,1.0
6.7464,55.7,1.0
6.9848,55.7,1.0
7.1331,55.7,1.0
7.0074,55.7,1.0
6.9079,55.7,1.0
6.7524,55.7,1.0
7.236,55.7,1.0
6.8137,55.7,1.0
6.956,55.7,1.0
6.7935,55.7,1.0
7.0066,55.7,1.0
7.1035,55.7,1.0
7.3089,55.7,1.0
6.9683,55.7,1.0
7.1914,55.7,1.0
6.8427,55.7,1.0
7.0365,55.7,1.0
6.8672,55.7,1.0
7.1147,55.7,1.0
6.7845,55.7,1.0
7.2581,55.7,1.0
7.0033,55.7,1.0
7.1499,55.7,1.0
7.067,55.7,1.0
6.818,55.7,1.0
6.8597,55.7,1.0
7.1565,55.7,1.0
7.0914,55.7,1.0
7.0396,55.7,1.0
6.8556,55.7,1.0
6.9319,55.7,1.0
6.9517,55.7,1.0
6.7839,55.7,1.0
6.9143,55.7,1.0
6.8459,55.7,1.0
6.9675,55.7,1.0
7.0027,55.7,1.0
6.8687,55.7,1.0
7.0631,55.7,1.0
7.023,55.7,1.0
6.7291,55.7,1.0
7.031,55.7,1.0
6.7041,55.7,1.0
7.0916,55.7,1.0
6.7967,55.7,1.0
6.7098,55.7,1.0
6.9632,55.7,1.0
7.1728,55.7,1.0
7.0576,55.7,1.0
6.9298,55.7,1.0
7.1569,55.7,1.0
7.0645,55.7,1.0
7.4198,55.7,1.0
6.9731,55.7,1.0
6.9159,55.7,1.0
7.2086,55.7,1.0
6.8831,55.7,1.0
7.2023,55.7,1.0
6.9117,55.7,1.0
6.8955,55.7,1.0
6.9851,55.7,1.0
7.149,55.7,1.0
6.8781,55.7,1.0
6.9984,55.7,1.0
6.7301,55.7,1.0
7.101,55.7,1.0
7.1004,55.7,1.0
6.9203,55.7,1.0
7.1202,55.7,1.0
6.7834,55.7,1.0
6.9608,55.7,1.0
6.9792,55.7,1.0
7.2487,55.7,1.0
7.2347,55.7,1.0
6.8224,55.7,1.0
6.8886,55.7,1.0
6.9315,55.7,1.0
7.1212,55.7,1.0
7.1102,55.7,1.0
7.0265,55.7,1.0
6.6586,55.7,1.0
6.9008,55.7,1.0
6.9604,55.7,1.0
6.9175,55.7,1.0
7.1674,55.7,1.0
6.8931,55.7,1.0
6.9269,55.7,1.0
7.017,55.7,1.0
6.9661,55.7,1.0
6.8547,55.7,1.0
6.5979,55.7,1.0
6.9117,55.7,1.0
6.9481,55.7,1.0
7.1769,55.7,1.0
6.9492,55.7,1.0
6.6991,55.7,1.0
6.7958,55.7,1.0
6.729,55.7,1.0
7.1043,55.7,1.0
6.8743,55.7,1.0
6.8485,55.7,1.0
6.9114,55.7,1.0
6.9113,55.7,1.0
7.1475,55.7,1.0
6.8125,55.7,1.0
7.0573,55.7,1.0
7.075,55.7,1.0
6.8608,55.7,1.0
7.2427,55.7,1.0
6.9815,55.7,1.0
6.8791,55.7,1.0
7.407,55.7,1.0
6.7985,55.7,1.0
7.2826,55.7,1.0
6.7654,55.7,1.0
6.4731,55.7,1.0
6.8948,55.7,1.0
6.9793,55.7,1.0
6.9749,55.7,1.0
6.7387,55.7,1.0
7.1672,55.7,1.0
6.5853,55.7,1.0
7.0411,55.7,1.0
6.8564,55.7,1.0
6.8245,55.7,1.0
6.8322,55.7,1.0
6.8071,55.7,1.0
7.1857,55.7,1.0
6.7968,55.7,1.0
7.0046,55.7,1.0
6.7937,55.7,1.0
6.7712,55.7,1.0
6.8387,55.7,1.0
6.6511,55.7,1.0
6.93,55.7,1.0
6.9099,55.7,1.0
6.8643,55.7,1.0
6.9481,55.7,1.0
7.0971,55.7,1.0
6.7806,55.7,1.0
7.0531,55.7,1.0
6.9034,55.7,1.0
7.1974,55.7,1.0
6.9008,55.7,1.0
6.6955,55.7,1.0
6.6947,55.7,1.0
6.8347,55.7,1.0
6.9817,55.7,1.0
6.8271,55.7,1.0
7.1183,55.7,1.0
7.296,55.7,1.0
6.9604,55.7,1.0
6.871,55.7,1.0
6.993,55.7,1.0
7.044,55.7,1.0
7.068,55.7,1.0
7.0518,55.7,1.0
6.5791,55.7,1.0
6.8687,55.7,1.0
6.8738,55.7,1.0
7.3833,55.7,1.0
6.838,55.7,1.0
6.8853,55.7,1.0
6.7261,55.7,1.0
7.0578,55.7,1.0
7.0898,55.7,1.0
7.2602,55.7,1.0
7.0522,55.7,1.0
6.9577,55.7,1.0
6.7489,55.7,1.0
6.9582,55.7,1.0
7.1887,55.7,1.0
7.0858,55.7,1.0
7.1742,55.7,1.0
7.1533,55.7,1.0
6.7547,55.7,1.0
7.1005,55.7,1.0
6.7846,55.7,1.0
6.8816,55.7,1.0
7.0565,55.7,1.0
6.7545,55.7,1.0
6.5861,55.7,1.0
6.6086,55.7,1.0
6.9946,55.7,1.0
7.0342,55.7,1.0
6.6576,55.7,1.0
6.9562,55.7,1.0
6.8514,55.7,1.0
7.1646,55.7,1.0
7.0633,55.7,1.0
6.8763,55.7,1.0
7.1071,55.7,1.0
7.1485,55.7,1.0
7.1126,55.7,1.0
7.1084,55.7,1.0
6.9656,55.7,1.0
7.0552,55.7,1.0
6.8276,55.7,1.0
6.8071,55.7,1.0
7.1139,55.7,1.0
6.7532,55.7,1.0
7.0451,55.7,1.0
6.9178,55.7,1.0
6.8704,55.7,1.0
6.9133,55.7,1.0
6.7012,55.7,1.0
7.0505,55.7,1.0
6.8325,55.7,1.0
7.1707,55.7,1.0
7.1182,55.7,1.0
6.9986,55.7,1.0
7.0626,55.7,1.0
6.8567,55.7,1.0
7.3299,55.7,1.0
6.9428,55.7,1.0
6.9805,55.7,1.0
7.1849,55.7,1.0
7.1343,55.7,1.0
6.9244,55.7,1.0
7.0404,55.7,1.0
7.0168,55.7,1.0
7.1825,55.7,1.0
6.7678,55.7,1.0
6.7668,55.7,1.0
7.255,55.7,1.0
6.7382,55.7,1.0
6.716,55.7,1.0
6.9122,55.7,1.0
7.2838,55.7,1.0
7.2975,55.7,1.0
6.5833,55.7,1.0
6.6539,55.7,1.0
6.9118,55.7,1.0
6.7753,55.7,1.0
6.8822,55.7,1.0
6.9571,55.7,1.0
6.7899,55.7,1.0
7.0033,55.7,1.0
6.7504,55.7,1.0
7.1637,55.7,1.0
7.0252,55.7,1.0
7.2293,55.7,1.0
6.9201,55.7,1.0
6.9187,55.7,1.0
7.0773,55.7,1.0
7.0469,55.7,1.0
7.0478,55.7,1.0
6.8078,55.7,1.0
6.9364,55.7,1.0
7.0881,55.7,1.0
7.1687,55.7,1.0
7.0457,55.7,1.0
7.1576,55.7,1.0
6.5574,55.7,1.0
7.1976,55.7,1.0
7.1266,55.7,1.0
6.6827,55.7,1.0
6.6361,55.7,1.0
6.5963,55.7,1.0
6.7413,55.7,1.0
6.8061,55.7,1.0
6.857,55.7,1.0
6.7005,55.7,1.0
7.0715,55.7,1.0
7.0134,55.7,1.0
7.0639,55.7,1.0
6.9577,55.7,1.0
6.7859,55.7,1.0
7.0231,55.7,1.0
6.9871,55.7,1.0
7.0031,55.7,1.0
6.7844,55.7,1.0
7.0892,55.7,1.0
6.9607,55.7,1.0
6.5627,55.7,1.0
6.7641,55.7,1.0
6.6565,55.7,1.0
7.091,55.7,1.0
6.988,55.7,1.0
7.2929,55.7,1.0
7.1378,55.7,1.0
6.891,55.7,1.0
7.0116,55.7,1.0
7.0569,55.7,1.0
6.8107,55.7,1.0
6.9876,55.7,1.0
6.9837,55.7,1.0
7.0008,55.7,1.0
7.0518,55.7,1.0
7.0084,55.7,1.0
6.9512,55.7,1.0
6.7648,55.7,1.0
6.8963,55.7,1.0
7.014,55.7,1.0
6.8045,55.7,1.0
7.1518,55.7,1.0
6.9545,55.7,1.0
7.1866,55.7,1.0
6.8593,55.7,1.0
6.7414,55.7,1.0
7.0208,55.7,1.0
6.9709,55.7,1.0
6.9752,55.7,1.0
7.0053,55.7,1.0
6.7908,55.7,1.0
7.0708,55.7,1.0
7.0573,55.7,1.0
7.0793,55.7,1.0
7.1098,55.7,1.0
6.7542,55.7,1.0
7.0402,55.7,1.0
7.1075,55.7,1.0
6.9039,55.7,1.0
7.0911,55.7,1.0
7.316,55.7,1.0
7.0851,55.7,1.0
7.158,55.7,1.0
7.0942,55.7,1.0
6.9279,55.7,1.0
6.9315,55.7,1.0
7.2609,55.7,1.0
7.1724,55.7,1.0
6.8854,55.7,1.0
6.9021,55.7,1.0
6.7843,55.7,1.0
6.7465,55.7,1.0
6.8318,55.7,1.0
7.0085,55.7,1.0
7.0158,55.7,1.0
7.0052,55.7,1.0
7.0214,55.7,1.0
6.8946,55.7,1.0
6.8715,55.7,1.0
7.0251,55.7,1.0
7.4624,55.7,1.0
7.0325,55.7,1.0
7.1313,55.7,1.0
6.8075,55.7,1.0
6.9899,55.7,1.0
7.0081,55.7,1.0
7.2421,55.7,1.0
6.1422,55.7,1.0
6.9332,55.7,1.0
6.8803,55.7,1.0
6.9086,55.7,1.0
7.0962,55.7,1.0
6.7807,55.7,1.0
7.2201,55.7,1.0
6.8503,55.7,1.0
7.0212,55.7,1.0
7.1762,55.7,1.0
6.9826,55.7,1.0
7.0732,55.7,1.0
7.1744,55.7,1.0
6.9874,55.7,1.0
7.0241,55.7,1.0
7.0005,55.7,1.0
6.9858,55.7,1.0
6.8619,55.7,1.0
6.73,55.7,1.0
6.631,55.7,1.0
7.0554,55.7,1.0
6.9265,55.7,1.0
6.9071,55.7,1.0
6.8779,55.7,1.0
7.0888,55.7,1.0
7.1506,55.7,1.0
6.9666,55.7,1.0
6.8336,55.7,1.0
7.0176,55.7,1.0
6.971,55.7,1.0
6.7344,55.7,1.0
7.0107,55.7,1.0
7.0273,55.7,1.0
6.9149,55.7,1.0
7.0691,55.7,1.0
6.8325,55.7,1.0
6.9926,55.7,1.0
7.1216,55.7,1.0
6.7864,55.7,1.0
6.8904,55.7,1.0
7.1573,,
6.7667,,
6.9642,,
