train_acc,loss,0,1
9.375,320071008.0,,
7.812,334880704.0,,
12.5,333344064.0,,
14.062,329921184.0,,
12.5,336771577.6,,
12.5,339449717.3333,,
11.607,338295954.2857,,
11.328,334500460.0,,
11.111,333199637.3333,,
10.625,333375324.8,,
9.659,331066184.7273,,
9.375,331951045.3333,,
9.375,331233250.4615,,
9.375,334128388.5714,,
9.375,333964298.6667,,
8.984,334742990.0,,
9.007,334521490.8235,,
9.201,334226739.5556,,
9.211,333992572.6316,,
9.219,334158086.4,,
8.78,333919035.4286,,
8.949,334278464.0,,
8.967,334854575.3043,,
9.245,335798178.6667,,
9.0,335659449.6,,
8.774,335916792.6154,,
8.565,335566289.7778,,
8.482,335518357.7143,,
8.297,335147586.2069,,
8.646,335281625.6,,
8.367,334499219.6129,,
8.398,334997230.0,,
8.333,335168461.5758,,
8.088,334230925.1765,,
7.946,334804649.1429,,
7.726,334112304.8889,,
8.024,332818529.7297,,
7.895,333224888.4211,,
8.093,332427615.1795,,
8.203,332219210.4,,
8.003,332316313.7561,,
7.887,332120393.9048,,
7.776,332310510.1395,,
7.741,332220674.9091,,
7.778,332027762.4889,,
7.88,332205408.0,,
7.979,331760118.4681,,
7.943,331778890.0,,
7.972,331792148.2449,,
8.062,331974914.56,,
7.904,331796294.902,,
7.933,331749855.3846,,
8.019,331799691.4717,,
7.928,331975221.9259,,
8.125,331821613.9636,,
8.259,331566050.8571,,
8.169,331469885.193,,
8.082,331336060.6897,,
7.945,331836318.9153,,
8.229,332112649.0667,,
8.094,332607567.2131,,
8.014,332515851.871,,
7.986,332704201.6508,,
7.861,332411796.0,,
7.788,332019057.7231,,
7.765,331834360.2424,,
7.836,331680879.2836,,
7.858,331782917.1765,,
7.88,332035985.1594,,
7.768,332566096.9143,,
7.658,332374513.1268,,
7.726,332610888.8889,,
7.62,332625336.9863,,
7.601,332400499.4595,,
7.542,332492325.5467,,
7.648,332663562.9474,,
7.63,332786116.5714,,
7.652,332854663.7949,,
7.753,332854016.0512,,
7.812,9.1165,,
7.716,14.5037,,
7.774,24.5306,,
7.907,27.2229,,
7.924,26.5864,,
8.051,26.7197,,
8.067,25.2199,,
8.118,23.6439,,
8.168,21.8192,,
8.322,20.352,,
8.299,19.1157,,
8.207,17.9879,,
8.288,17.123,,
8.367,16.2326,,
8.311,15.4498,,
8.289,14.765,,
8.301,14.2169,,
8.344,13.6378,,
8.355,13.1187,,
8.333,12.6481,,
8.344,12.2928,,
8.292,11.9325,,
8.364,11.5912,,
8.404,11.2679,,
8.534,10.9556,,
8.482,10.6506,,
8.461,10.3913,,
8.499,10.2152,,
8.594,9.9903,,
8.572,9.7743,,
8.551,9.6105,,
8.474,9.446,,
8.454,9.2746,,
8.407,9.1282,,
8.47,8.9678,,
8.478,8.8251,,
8.459,8.6744,,
8.494,8.5514,,
8.581,8.4231,,
8.587,8.2973,,
8.698,8.211,,
8.626,8.1049,,
8.632,8.0046,,
8.664,7.8995,,
8.669,7.7875,,
8.75,7.6786,,
8.755,7.5875,,
8.76,7.496,,
8.789,7.4003,,
8.818,7.3078,,
8.846,7.2562,,
8.779,7.1926,,
8.783,7.119,,
8.882,7.0424,,
9.025,6.9697,,
9.074,6.9007,,
9.168,6.8311,,
9.17,6.7719,,
9.216,6.7107,,
9.263,6.6462,,
9.353,6.6146,,
9.286,6.5691,,
9.441,6.5214,,
9.462,6.4694,,
9.44,6.4214,,
9.461,6.3784,,
9.461,6.3271,,
9.524,6.274,,
9.523,6.2244,,
9.543,6.1756,,
9.5,6.1529,,
9.437,6.1137,,
9.498,6.0785,,
9.518,6.0392,,
9.74,6.0026,,
9.778,5.9625,,
9.816,5.9247,,
9.813,5.8846,,
9.83,5.8472,,
9.847,5.8087,,
9.824,5.794,,
9.763,5.7649,,
9.857,5.7365,,
9.931,5.706,,
10.061,5.671,,
10.057,5.6385,,
10.034,5.6065,,
10.161,5.5764,,
10.138,5.5455,,
10.152,5.5142,,
10.202,5.5037,,
10.143,5.4803,,
10.12,5.4588,,
10.116,5.4335,,
10.183,5.4126,,
10.214,5.3848,,
10.245,5.3609,,
10.311,5.3384,,
10.305,5.3119,,
10.3,5.285,,
10.33,5.2779,,
10.29,5.2593,,
10.354,5.24,,
10.4,5.2176,,
10.428,5.1986,,
10.507,5.1792,,
10.585,5.158,,
10.612,5.1349,,
10.6,5.1137,,
9.375,5.1001,,
6.25,5.0955,,
10.417,5.0812,,
10.156,5.065,,
12.5,5.0447,,
13.542,5.0249,,
14.286,5.0047,,
13.672,4.9865,,
13.542,4.9652,,
14.688,4.9462,,
13.352,4.9254,,
13.802,4.9233,,
13.462,4.9133,,
12.946,4.8974,,
13.125,4.8807,,
12.5,4.8655,,
12.316,4.8488,,
12.5,4.8342,,
12.5,4.8184,,
12.5,4.8007,,
12.054,4.7848,,
12.358,4.7818,,
13.043,4.7696,,
13.281,4.7549,,
13.125,4.7383,,
12.62,4.722,,
12.384,4.7088,,
12.388,4.6951,,
12.5,4.679,,
12.812,4.6646,,
12.5,4.649,,
12.793,4.6483,,
13.163,4.6364,,
12.776,4.6277,,
12.5,4.6162,,
12.5,4.6042,,
13.176,4.5914,,
12.993,4.5791,,
13.221,4.5701,,
13.438,4.5591,,
13.186,4.5507,,
13.17,4.5495,,
12.936,4.539,,
12.855,4.5294,,
13.125,4.5145,,
13.315,4.5087,,
13.364,4.4979,,
13.281,4.4875,,
13.202,4.4766,,
13.188,4.467,,
12.99,4.4554,,
12.981,4.4561,,
12.972,4.4473,,
13.079,4.4366,,
13.352,4.4252,,
13.504,4.4159,,
13.596,4.4069,,
13.47,4.3945,,
13.506,4.3852,,
13.698,4.3764,,
13.576,4.3685,,
13.508,4.3697,,
13.492,4.3628,,
13.379,4.3552,,
13.317,4.3465,,
13.258,4.3374,,
13.34,4.327,,
13.419,4.3174,,
13.406,4.309,,
13.438,4.3043,,
13.336,4.2955,,
13.281,4.2966,,
13.271,4.2894,,
13.302,4.2825,,
13.25,4.274,,
13.281,4.2647,,
13.149,4.2557,,
13.061,4.2467,,
12.975,4.2424,,
12.891,6.3677,,
12.809,6.3435,,
12.995,6.2792,,
13.027,6.2333,,
13.021,6.3184,,
13.088,6.344,,
13.118,6.3992,,
13.147,6.4163,,
13.175,6.3979,,
13.237,6.3998,,
13.368,6.3802,,
13.29,6.3737,,
13.383,6.3947,,
13.407,6.3847,,
13.398,6.3907,,
13.388,6.4023,,
13.314,6.4089,,
13.338,6.4068,,
13.233,6.4015,,
13.163,6.405,,
13.156,6.411,,
13.088,6.4048,,
13.235,6.4132,,
13.289,6.4013,,
13.341,6.4015,,
13.333,6.4017,,
13.325,6.3969,,
13.376,6.3978,,
13.397,6.3989,,
13.331,6.3874,,
13.295,6.3849,,
13.204,6.3821,,
13.198,6.3779,,
13.108,6.374,,
13.103,6.3713,,
13.207,6.376,,
13.2,6.3727,,
13.221,6.3717,,
13.347,6.3689,,
13.367,6.372,,
13.411,6.3724,,
13.301,6.3757,,
13.268,6.3807,,
13.288,6.3781,,
13.206,6.3724,,
13.225,6.3736,,
13.244,6.3739,,
13.337,6.3743,,
13.33,6.3742,,
13.275,6.3722,,
13.293,6.3768,,
13.216,6.38,,
13.258,6.378,,
13.299,6.3721,,
13.386,6.3798,,
13.426,6.3834,,
13.534,6.3837,,
13.595,6.3834,,
13.61,6.3889,,
13.647,6.3922,,
13.75,6.3923,,
13.741,6.3937,,
13.952,6.3876,,
13.942,6.3878,,
13.911,6.3839,,
13.879,6.3808,,
14.02,6.3822,,
14.116,6.3832,,
14.084,6.3824,,
14.115,6.391,,
14.042,6.3902,,
13.969,6.3903,,
14.042,6.3922,,
14.032,6.391,,
14.265,6.3932,,
14.254,6.3927,,
14.283,6.3941,,
14.271,6.394,,
14.26,6.3943,,
14.249,3.0964,,
14.297,3.0329,,
14.227,2.8688,,
14.371,2.8533,,
14.513,2.7772,,
14.634,2.7372,,
14.621,2.7245,,
14.552,2.7578,,
14.689,2.7486,,
14.658,2.7473,,
14.663,2.9003,,
14.706,2.9277,,
14.675,2.9284,,
14.626,2.915,,
14.595,2.9026,,
14.673,2.9838,,
14.679,3.0213,,
14.702,3.019,,
14.742,3.0146,,
14.73,3.0231,,
14.7,3.0947,,
14.774,3.0883,,
14.744,3.0653,,
14.818,3.0451,,
14.822,3.039,,
14.81,3.0311,,
14.865,3.0274,,
14.852,3.0428,,
14.906,3.0323,,
14.883,3.016,,
9.375,3.0595,,
10.938,3.0574,,
15.625,3.0461,,
14.062,3.058,,
16.875,3.0475,,
17.188,3.0445,,
17.411,3.0317,,
15.625,3.0274,,
15.625,3.0139,,
15.938,3.0059,,
14.773,3.0419,,
14.844,3.0367,,
14.904,3.0332,,
14.509,3.0291,,
13.958,3.0162,,
13.281,3.0078,,
13.603,3.0042,,
13.542,2.9965,,
13.98,2.9851,,
14.219,2.9769,,
13.839,3.002,,
14.347,3.0035,,
14.946,2.9955,,
15.104,2.9879,,
15.125,2.9795,,
14.543,2.9713,,
14.236,2.9656,,
13.951,2.9624,,
13.685,2.958,,
14.062,2.9473,,
13.911,2.9684,,
14.062,2.967,,
14.394,2.9638,,
13.971,2.9602,,
13.929,2.9596,,
13.976,2.9557,,
14.358,2.9471,,
14.391,2.9377,,
14.824,2.9277,,
15.078,2.9243,,
15.015,2.9444,,
14.955,2.9426,,
14.68,2.9423,,
14.56,2.9406,,
14.722,2.9397,,
14.946,2.9432,,
14.96,2.9408,,
14.844,2.939,,
15.051,2.9369,,
14.938,2.9314,,
14.767,2.9493,,
14.784,2.9443,,
14.741,2.9424,,
14.641,2.9378,,
14.886,2.9334,,
15.123,2.928,,
15.186,2.9263,,
15.194,2.9229,,
15.148,2.9175,,
15.208,2.9112,,
15.266,2.9287,,
15.373,2.9255,,
15.327,2.927,,
15.332,2.9238,,
15.385,2.9236,,
15.341,2.9193,,
15.392,2.9171,,
15.441,2.9174,,
15.625,2.9183,,
15.714,2.9143,,
15.581,2.9287,,
15.538,2.9249,,
15.582,2.9222,,
15.541,2.9206,,
15.583,2.9195,,
15.584,2.917,,
15.625,2.9137,,
15.625,2.9101,,
15.506,2.9084,,
15.469,2.9159,,
15.394,2.9294,,
15.587,2.9289,,
15.55,2.9283,,
15.513,2.926,,
15.588,2.9227,,
15.589,2.9193,,
15.625,2.9176,,
15.625,2.9132,,
15.73,2.9102,,
15.764,2.9052,,
15.659,2.9183,,
15.795,2.9181,,
15.827,2.9157,,
15.791,2.9162,,
15.757,2.9139,,
15.69,2.9104,,
15.722,2.9075,,
15.593,2.9052,,
15.499,2.9021,,
15.5,2.8997,,
15.377,2.9099,,
15.533,2.9077,,
15.564,2.9043,,
15.655,2.9005,,
15.714,2.8964,,
15.654,2.8946,,
15.713,2.8928,,
15.77,2.8884,,
15.682,2.8851,,
15.625,2.8818,,
15.512,2.8907,,
15.513,2.8872,,
15.459,2.8872,,
15.515,2.886,,
15.625,2.8852,,
15.733,2.8815,,
15.759,2.8792,,
15.757,2.8791,,
15.809,2.8789,,
15.885,2.8801,,
15.78,2.889,,
15.727,2.8851,,
15.727,2.8842,,
15.675,2.8783,,
15.7,2.8809,,
15.774,2.879,,
15.871,2.8777,,
15.869,2.8757,,
15.891,2.8747,,
15.865,2.8717,,
15.768,2.8815,,
15.838,2.8781,,
15.883,2.8745,,
15.951,2.8704,,
15.995,2.8696,,
16.108,2.8693,,
16.15,2.8654,,
16.214,2.8648,,
16.232,2.8642,,
16.295,2.8635,,
16.29,2.8709,,
16.439,2.8691,,
16.455,2.8684,,
16.45,2.8679,,
16.422,2.8668,,
16.46,2.8635,,
16.497,2.8617,,
16.448,2.8601,,
16.485,2.8592,,
16.396,2.8559,,
16.287,2.8626,,
16.447,2.8603,,
16.462,2.8594,,
16.721,2.8582,,
16.694,2.8554,,
16.647,2.8532,,
16.64,2.8497,,
16.634,2.8491,,
16.647,7.5049,,
16.66,7.4252,,
16.576,7.3121,,
16.744,7.1345,,
16.852,7.7096,,
16.921,7.8904,,
16.875,8.2951,,
16.773,8.2946,,
16.879,8.4318,,
16.853,8.3161,,
16.845,8.2465,,
16.893,8.1359,,
16.831,8.1373,,
16.806,8.1224,,
16.799,8.1245,,
16.864,8.181,,
16.857,8.1587,,
16.903,8.1397,,
16.879,8.1559,,
16.854,8.1635,,
16.812,8.1427,,
16.875,8.1511,,
16.92,8.2237,,
16.981,8.2234,,
16.991,8.1966,,
17.018,8.1706,,
17.027,8.1796,,
17.053,8.2044,,
17.112,8.1818,,
17.1,8.1331,,
12.5,8.0893,,
9.375,8.0565,,
14.583,8.0238,,
14.844,7.9916,,
18.125,7.9629,,
18.229,7.9631,,
17.411,7.9554,,
16.016,7.9375,,
16.319,7.9378,,
16.562,7.9191,,
15.341,7.897,,
15.625,7.8953,,
15.625,7.8987,,
15.402,7.8752,,
15.0,7.8699,,
14.453,7.8722,,
14.338,7.859,,
14.236,7.868,,
14.967,7.8613,,
15.156,7.8395,,
14.732,7.8433,,
15.199,7.8437,,
15.625,7.8404,,
15.755,7.8218,,
15.75,7.8694,,
15.505,7.8774,,
15.278,7.8833,,
15.29,7.8682,,
15.086,7.8737,,
15.521,7.8992,,
15.222,7.9118,,
15.234,7.9249,,
15.53,7.9166,,
15.074,7.929,,
15.0,7.9215,,
15.104,7.9055,,
15.372,7.9125,,
15.625,7.9308,,
16.106,7.9172,,
16.172,7.9559,,
16.006,7.9475,,
15.848,7.9493,,
15.77,7.9615,,
15.767,7.9602,,
16.042,7.9716,,
16.236,7.9843,,
16.29,7.9946,,
16.406,8.012,,
16.39,8.0105,,
16.188,2.9898,,
15.931,2.8685,,
16.106,2.6691,,
16.333,2.7029,,
16.493,2.6295,,
16.818,2.607,,
16.964,2.5958,,
17.105,2.6283,,
17.188,2.6105,,
17.373,2.6037,,
17.656,2.7697,,
17.469,2.7576,,
17.54,2.74,,
17.51,2.7237,,
17.627,2.7191,,
17.692,2.7712,,
17.614,2.7847,,
17.771,2.789,,
17.785,2.7815,,
17.935,2.7794,,
17.946,2.8508,,
17.826,2.8319,,
17.795,2.8067,,
17.851,2.7876,,
17.905,2.7852,,
17.875,2.7838,,
17.969,2.7785,,
18.101,2.7914,,
18.149,2.7872,,
18.078,2.7727,,
18.008,2.8179,,
17.94,2.8126,,
18.064,2.8052,,
18.035,2.8123,,
18.006,2.8049,,
18.051,2.803,,
18.096,2.7926,,
18.175,2.7882,,
18.217,2.776,,
18.258,2.7671,,
18.333,2.8015,,
18.269,2.7929,,
18.41,2.7902,,
18.448,2.7882,,
18.451,2.7761,,
18.454,2.7678,,
18.392,2.7611,,
18.331,2.7577,,
18.208,2.7476,,
18.087,2.7446,,
18.094,2.769,,
17.976,2.768,,
18.107,2.7676,,
18.143,2.7619,,
18.119,2.7595,,
18.155,2.755,,
18.072,2.7524,,
18.049,2.7503,,
18.113,2.7483,,
18.062,2.7374,,
17.983,2.7579,,
17.849,2.7544,,
17.801,2.7517,,
17.754,2.7473,,
17.736,2.7492,,
17.853,2.7471,,
17.915,2.7387,,
17.975,2.73,,
18.035,2.7214,,
18.067,2.7204,,
18.177,2.7431,,
18.079,2.7401,,
18.084,2.7404,,
18.089,2.7398,,
18.019,2.7381,,
18.075,2.7399,,
18.18,2.7367,,
18.258,2.7344,,
18.262,2.7329,,
18.314,2.7279,,
18.317,2.7451,,
18.201,2.7395,,
18.253,2.7379,,
18.304,2.733,,
18.4,2.7316,,
18.38,2.7277,,
18.474,2.7229,,
18.545,2.7215,,
18.614,2.7175,,
18.593,2.7114,,
18.728,2.7303,,
18.728,2.7267,,
18.882,2.726,,
18.859,2.723,,
18.902,2.7239,,
18.901,2.72,,
19.007,2.7187,,
19.154,2.7189,,
19.151,2.7194,,
19.128,2.7161,,
19.042,2.7295,,
18.957,2.7251,,
19.017,2.7218,,
19.016,2.7198,,
19.257,2.7177,,
19.234,2.7168,,
19.291,2.7143,,
19.327,2.7111,,
19.304,2.7102,,
19.281,2.7213,,
19.297,2.7354,,
19.216,2.7341,,
19.348,2.7334,,
19.44,2.7299,,
19.474,2.7265,,
19.432,2.7238,,
19.315,2.7229,,
19.424,2.7198,,
19.382,2.7166,,
19.36,2.7129,,
19.375,2.7259,,
19.335,2.7253,,
19.331,2.7222,,
19.364,2.7215,,
19.415,2.7192,,
19.357,2.7163,,
19.371,2.7145,,
19.35,2.7127,,
19.312,2.7096,,
19.274,2.7079,,
19.306,2.7185,,
19.302,2.7154,,
19.385,2.7132,,
19.382,2.7101,,
19.378,2.7071,,
19.459,2.704,,
19.456,2.7028,,
19.502,2.6987,,
19.533,2.6967,,
12.5,2.6937,,
9.375,2.7025,,
15.625,2.6986,,
14.062,2.7003,,
17.5,2.7006,,
19.792,2.7015,,
18.75,2.6991,,
17.578,2.6979,,
17.361,2.6997,,
17.188,2.7024,,
16.193,2.7108,,
16.667,2.7222,,
16.587,2.7177,,
16.295,2.7172,,
15.833,2.7118,,
15.43,2.7185,,
15.257,2.72,,
14.931,2.7207,,
14.967,2.7195,,
15.156,2.7211,,
14.435,2.7195,,
15.057,2.7292,,
15.761,2.7249,,
16.146,2.7218,,
16.25,2.7179,,
16.106,2.7176,,
15.972,2.7169,,
16.071,2.7133,,
15.948,2.7124,,
16.042,2.7121,,
15.726,2.7119,,
15.723,2.7202,,
15.814,2.7184,,
15.533,2.7175,,
15.625,2.7163,,
15.625,2.7162,,
15.794,2.714,,
16.036,2.7127,,
16.587,2.7108,,
16.719,2.7115,,
16.387,2.7095,,
16.592,2.7149,,
16.424,2.7125,,
16.548,2.7117,,
16.875,2.7108,,
17.052,2.7089,,
17.287,2.7069,,
17.318,2.7035,,
17.411,2.7025,,
17.25,7.1605,,
17.157,7.1555,,
17.308,7.1582,,
17.512,7.1113,,
17.65,7.2225,,
17.955,7.2421,,
18.192,7.3974,,
18.421,7.4135,,
18.373,7.4461,,
18.538,7.4387,,
18.542,7.4125,,
18.289,7.3912,,
18.347,7.4162,,
18.353,7.3989,,
18.408,7.385,,
18.413,7.408,,
18.371,7.4093,,
18.657,7.4114,,
18.75,7.4193,,
18.841,7.4139,,
18.884,7.4158,,
18.75,7.4042,,
18.707,7.4208,,
18.707,7.4116,,
18.708,7.4126,,
18.75,7.411,,
18.832,7.4045,,
18.912,7.4108,,
18.95,7.4096,,
18.987,7.3917,,
18.984,7.3849,,
19.02,7.3789,,
19.207,7.3663,,
19.127,7.3615,,
19.085,7.3555,,
19.118,7.3615,,
19.15,7.3561,,
19.217,7.3531,,
19.212,7.3548,,
19.277,7.3592,,
19.514,7.3603,,
19.402,7.3662,,
19.531,7.3696,,
19.59,7.3638,,
19.548,7.357,,
19.441,7.3591,,
19.434,7.3595,,
19.394,7.3639,,
19.324,7.3636,,
19.192,7.3603,,
19.219,7.365,,
19.059,7.3694,,
19.24,7.3664,,
19.296,7.3578,,
19.231,7.3767,,
19.286,7.3843,,
19.192,7.3843,,
19.188,7.3843,,
19.271,7.3904,,
19.151,7.3994,,
19.062,7.4014,,
18.919,7.4021,,
18.917,7.3924,,
18.888,7.3942,,
18.887,7.3902,,
18.967,7.3854,,
19.019,7.3921,,
19.044,7.3963,,
19.121,7.3942,,
19.118,7.407,,
19.245,7.405,,
19.112,7.4069,,
19.083,7.4077,,
19.131,7.4061,,
19.103,7.4101,,
19.15,7.4115,,
19.221,7.4139,,
19.291,7.4173,,
19.336,7.418,,
19.404,3.289,,
19.447,3.153,,
19.394,2.8586,,
19.484,2.7914,,
19.502,2.6529,,
19.566,2.5946,,
19.56,2.5749,,
19.646,2.6189,,
19.685,2.6018,,
19.814,2.5969,,
19.874,2.7615,,
19.955,2.7329,,
19.969,2.7036,,
20.136,2.6834,,
20.127,2.6776,,
20.182,2.6969,,
20.151,2.6946,,
20.163,2.6856,,
20.281,2.6632,,
20.27,2.6576,,
20.344,2.72,,
20.312,2.6991,,
20.281,2.6748,,
20.395,2.6536,,
20.404,2.6552,,
20.597,2.6538,,
20.544,2.6467,,
20.573,2.6572,,
20.621,2.6502,,
20.649,2.6356,,
20.617,2.6876,,
20.625,2.6827,,
20.555,2.6751,,
20.698,2.6815,,
20.801,2.675,,
20.846,2.6716,,
20.814,2.6604,,
20.727,2.6554,,
20.79,2.6408,,
20.778,2.6337,,
20.784,2.6681,,
20.827,2.6622,,
20.797,2.657,,
20.821,2.6548,,
20.863,2.643,,
20.941,2.6341,,
20.893,2.6264,,
20.881,2.6249,,
20.869,2.6165,,
20.804,2.6142,,
20.81,2.6463,,
20.903,2.6432,,
20.908,2.6362,,
20.999,2.6291,,
21.021,2.6217,,
21.026,2.6157,,
21.081,2.6126,,
21.102,2.6095,,
21.173,2.6054,,
21.217,2.5961,,
15.625,2.6178,,
14.062,2.6133,,
18.75,2.6098,,
17.969,2.6043,,
21.25,2.6052,,
23.438,2.6018,,
21.875,2.5938,,
19.922,2.5871,,
20.833,2.5806,,
20.625,2.5814,,
19.318,2.6006,,
20.573,2.5984,,
21.154,2.5979,,
20.982,2.5963,,
20.208,2.595,,
19.531,2.5956,,
19.118,2.5932,,
18.576,2.5905,,
19.079,2.589,,
19.375,2.5852,,
18.899,2.5993,,
19.318,2.5945,,
19.973,2.5941,,
20.052,2.5912,,
20.0,2.5895,,
20.553,2.5849,,
20.486,2.58,,
20.424,2.5801,,
20.151,2.5761,,
19.896,2.5708,,
19.96,2.5902,,
19.922,2.5863,,
19.981,2.5858,,
19.577,2.5827,,
19.643,2.5826,,
19.618,2.5802,,
19.764,2.5802,,
19.819,2.5807,,
20.593,2.5807,,
20.469,2.5782,,
20.198,2.5924,,
20.387,2.5871,,
20.276,2.5838,,
20.312,2.5832,,
20.556,2.5813,,
20.72,2.5807,,
20.878,2.5799,,
21.029,2.5768,,
21.11,2.5765,,
20.875,2.5816,,
20.895,2.5968,,
20.913,2.5949,,
20.991,2.5935,,
21.238,2.5903,,
21.534,2.5868,,
21.763,2.5845,,
22.039,2.584,,
22.037,2.581,,
22.034,2.5789,,
21.979,2.576,,
21.875,2.5888,,
22.026,2.588,,
21.825,2.5859,,
21.875,2.5854,,
22.067,2.5835,,
22.112,2.5804,,
22.388,2.5784,,
22.381,2.577,,
22.418,2.5732,,
22.277,2.5715,,
22.139,2.5815,,
22.049,2.5782,,
22.003,2.5759,,
22.086,2.5732,,
22.0,2.5713,,
21.998,2.5688,,
22.078,2.5678,,
22.155,2.5651,,
22.191,2.5634,,
22.188,2.5598,,
22.068,2.5682,,
22.256,2.5639,,
22.214,2.5643,,
22.247,2.5628,,
22.316,2.5628,,
22.347,2.5603,,
22.378,2.5571,,
22.301,2.5584,,
22.331,2.5591,,
22.465,2.5595,,
22.356,2.5668,,
22.52,2.5624,,
22.581,2.5619,,
22.507,2.5562,,
22.467,2.5586,,
22.526,2.5572,,
22.552,2.5564,,
22.513,2.5556,,
22.38,2.5558,,
22.406,2.5537,,
22.246,2.5643,,
22.426,2.5601,,
22.512,2.557,,
22.596,2.5535,,
22.679,2.5542,,
22.642,2.5543,,
22.605,2.5508,,
22.656,2.5504,,
22.563,2.5504,,
22.443,2.5498,,
22.325,2.5568,,
22.321,2.555,,
22.262,2.5545,,
22.231,2.5532,,
22.337,2.5536,,
22.387,2.5516,,
22.356,2.5509,,
22.378,2.55,,
22.295,2.5489,,
22.37,2.5469,,
22.288,2.5539,,
22.259,2.5516,,
22.332,2.5504,,
22.303,2.5507,,
22.325,2.549,,
22.346,2.548,,
22.367,2.5449,,
22.363,2.5443,,
22.384,7.1968,,
22.38,7.0408,,
22.352,7.1455,,
22.42,7.0472,,
22.486,7.8211,,
22.505,7.889,,
22.523,8.0786,,
22.633,8.0515,,
22.673,8.1708,,
22.758,8.0552,,
22.819,8.012,,
22.902,7.9394,,
22.983,7.9594,,
23.129,7.9121,,
23.142,7.9206,,
23.242,7.9689,,
23.254,7.9577,,
23.288,8.0109,,
23.342,8.0316,,
23.332,8.0383,,
23.364,8.036,,
23.333,8.0427,,
23.241,8.1139,,
23.376,8.0825,,
23.366,8.0576,,
23.539,8.0391,,
23.488,8.0223,,
23.518,8.0897,,
23.547,8.0856,,
23.536,8.0534,,
23.487,8.0177,,
23.457,7.9854,,
23.428,7.9504,,
23.515,7.9306,,
23.677,7.9021,,
23.742,7.9034,,
23.712,7.8911,,
23.626,7.8671,,
23.671,7.8706,,
23.661,7.8563,,
23.669,7.8385,,
23.713,7.8465,,
23.611,7.8474,,
23.601,7.8288,,
23.609,7.8228,,
23.671,7.8345,,
23.643,7.8259,,
23.668,7.8528,,
23.623,7.8388,,
23.56,7.8225,,
23.516,7.8268,,
23.628,7.8221,,
23.688,7.8115,,
23.764,7.7903,,
23.788,7.8115,,
23.743,7.8199,,
23.784,7.8239,,
23.824,7.813,,
23.914,7.8175,,
23.95,7.8421,,
18.75,7.8711,,
14.062,7.8675,,
21.875,7.8513,,
20.312,7.8497,,
24.375,7.8407,,
26.042,7.8277,,
24.554,7.8473,,
22.656,7.8682,,
22.222,7.8614,,
23.75,7.8896,,
21.875,7.8828,,
23.177,7.8936,,
23.317,7.9044,,
22.991,7.901,,
22.5,7.9108,,
21.875,7.9161,,
21.691,7.9274,,
21.701,7.9397,,
21.711,7.939,,
22.031,2.7697,,
21.726,2.7188,,
22.727,2.5234,,
23.37,2.5179,,
23.438,2.4086,,
23.5,2.3712,,
23.798,2.3859,,
23.727,2.4307,,
23.438,2.4327,,
23.06,2.4322,,
23.333,2.587,,
22.883,2.5648,,
22.949,2.5513,,
23.106,2.5366,,
22.61,2.5384,,
22.768,2.5792,,
22.917,2.598,,
23.311,2.6105,,
23.602,2.6105,,
24.119,2.6169,,
24.141,2.6933,,
24.009,2.6683,,
24.107,2.6428,,
23.983,2.6224,,
24.006,2.6137,,
24.375,2.6029,,
24.592,2.5921,,
24.801,2.6061,,
24.87,2.6078,,
24.872,2.5961,,
24.688,2.6401,,
24.571,2.6364,,
24.639,2.6299,,
24.764,2.6326,,
25.116,2.624,,
25.341,2.6151,,
25.614,2.6057,,
25.822,2.5998,,
25.7,2.5863,,
25.742,2.5806,,
25.885,2.6176,,
25.871,2.6092,,
26.159,2.6059,,
26.042,2.5999,,
25.879,2.5888,,
25.817,2.5782,,
25.758,2.5696,,
26.026,2.5663,,
25.965,2.5572,,
26.087,2.5535,,
25.938,2.5808,,
25.66,2.5782,,
25.608,2.5731,,
25.599,2.5646,,
25.676,2.5553,,
25.667,2.5488,,
25.658,2.5448,,
25.69,2.5414,,
25.681,2.5387,,
25.633,2.5298,,
25.586,2.5513,,
25.733,2.5464,,
25.877,2.5436,,
25.753,2.538,,
25.744,2.5397,,
25.882,2.5368,,
25.945,2.5284,,
25.898,2.5219,,
25.852,2.5154,,
25.878,2.5169,,
26.042,2.535,,
25.79,2.5323,,
25.849,2.5319,,
25.874,2.5306,,
25.831,2.5288,,
25.822,2.529,,
25.911,2.5263,,
25.902,2.5223,,
25.765,2.5208,,
25.694,2.5156,,
25.75,2.5287,,
25.65,2.5232,,
25.827,2.5245,,
25.91,2.5206,,
26.022,2.5185,,
26.042,2.5143,,
25.973,2.5095,,
26.022,2.5086,,
25.955,2.5036,,
25.917,2.4984,,
25.767,2.5185,,
25.591,2.5159,,
25.614,2.5149,,
25.608,2.5127,,
25.658,2.5115,,
25.707,2.5077,,
25.781,2.5077,,
25.828,2.5091,,
25.953,2.5098,,
25.945,2.5065,,
25.99,2.5204,,
26.007,2.515,,
25.973,2.5138,,
26.016,2.5138,,
25.932,2.5131,,
25.9,2.5129,,
25.918,2.5119,,
25.96,2.5097,,
25.952,2.5096,,
25.945,2.5133,,
25.889,2.5278,,
25.787,2.5254,,
25.9,2.524,,
25.963,2.5215,,
26.003,2.5181,,
25.995,2.5161,,
26.126,2.5159,,
26.141,2.5125,,
26.223,2.5101,,
26.281,2.5071,,
26.317,2.5182,,
26.418,2.5175,,
26.54,2.5151,,
26.552,2.5144,,
26.628,2.5125,,
26.595,2.5092,,
26.691,2.5065,,
26.679,2.5046,,
26.731,2.5017,,
26.825,2.5,,
26.833,2.509,,
26.759,2.506,,
26.891,2.5039,,
26.859,2.5013,,
27.05,2.4991,,
26.996,2.4959,,
27.063,2.4961,,
27.03,2.4928,,
27.037,2.4909,,
26.985,2.4874,,
26.992,2.4947,,
26.902,2.4908,,
27.025,2.4903,,
27.147,2.4886,,
27.191,2.4884,,
27.159,2.486,,
27.033,2.483,,
27.077,2.4815,,
27.009,2.4798,,
26.979,2.4788,,
26.985,2.4853,,
26.901,2.4801,,
26.908,2.4801,,
26.933,2.4745,,
27.011,2.4757,,
26.964,2.474,,
26.918,2.4736,,
26.889,2.4728,,
26.914,2.4728,,
26.868,2.4709,,
26.927,2.4815,,
26.968,2.4773,,
27.009,2.4737,,
27.015,2.4696,,
26.97,2.4712,,
26.993,2.4714,,
27.033,2.4684,,
27.072,2.4673,,
27.1,2.4669,,
15.625,2.4657,,
14.062,2.4729,,
20.833,2.4711,,
21.094,2.4705,,
24.375,2.4692,,
26.042,2.4702,,
25.893,2.4691,,
25.0,2.4682,,
25.0,2.4685,,
25.938,2.4671,,
24.716,2.4647,,
26.302,2.4704,,
26.202,2.4674,,
26.116,2.4661,,
25.208,2.4666,,
24.609,2.4648,,
24.265,2.4633,,
23.958,2.46,,
23.849,2.459,,
24.375,7.2987,,
24.107,7.1996,,
25.142,7.3838,,
25.679,7.2339,,
25.651,8.2574,,
25.625,8.2873,,
25.721,8.696,,
25.347,8.6998,,
24.888,9.0249,,
24.461,8.8475,,
24.688,8.8122,,
24.194,8.6959,,
24.219,8.7321,,
24.053,8.6835,,
23.529,8.659,,
24.018,8.6943,,
23.958,8.6667,,
24.071,8.762,,
24.26,8.8304,,
24.679,8.8155,,
24.922,8.7941,,
24.848,8.7954,,
25.149,8.9034,,
25.291,8.8754,,
25.426,8.8356,,
25.833,8.8015,,
25.815,8.7864,,
25.864,8.883,,
26.042,8.8739,,
26.02,8.8221,,
26.0,8.7631,,
25.797,8.7194,,
25.841,8.6699,,
25.825,8.6252,,
26.157,8.5807,,
26.307,8.5809,,
26.507,8.5653,,
26.645,8.5348,,
26.67,8.5373,,
26.695,8.5115,,
26.823,8.4843,,
26.895,8.4987,,
27.067,8.5076,,
27.034,8.4769,,
27.1,8.4681,,
27.163,8.501,,
27.225,8.5038,,
27.379,8.5581,,
27.482,8.5355,,
27.491,8.5068,,
27.321,8.5108,,
26.981,8.5011,,
26.953,8.4819,,
26.841,8.4546,,
26.858,8.489,,
26.708,8.5019,,
26.645,8.5079,,
26.745,8.4857,,
26.763,8.4931,,
26.78,8.5304,,
26.797,8.5766,,
27.006,8.5693,,
27.21,8.5396,,
27.146,8.5365,,
27.121,8.523,,
27.096,8.4983,,
27.253,8.5356,,
27.371,8.5703,,
27.308,8.56,,
27.388,8.6108,,
27.535,8.5974,,
27.301,8.6154,,
27.548,8.631,,
27.487,8.6232,,
27.46,8.6417,,
27.5,8.6549,,
27.441,8.6684,,
27.416,8.6939,,
27.36,8.6922,,
27.273,2.5117,,
27.344,2.4925,,
27.259,2.3808,,
27.451,2.3919,,
27.427,2.314,,
27.464,2.2828,,
27.5,2.3139,,
27.476,2.3749,,
27.541,2.3901,,
27.604,2.3747,,
27.609,2.5306,,
27.443,2.4918,,
27.28,2.4619,,
27.316,2.4444,,
27.24,2.4518,,
27.303,2.4791,,
27.364,2.493,,
27.371,2.4896,,
27.35,2.4693,,
27.383,2.4718,,
27.337,2.5319,,
27.37,2.5107,,
27.35,2.4835,,
27.331,2.4665,,
27.414,2.4579,,
27.344,2.4456,,
27.375,2.436,,
27.455,2.4623,,
27.387,2.4716,,
27.368,2.4719,,
27.374,2.5127,,
27.332,2.5094,,
27.29,2.5054,,
27.391,2.5103,,
27.514,2.5033,,
27.542,2.4943,,
27.5,2.4891,,
27.574,2.4877,,
27.6,2.4707,,
27.649,2.4689,,
27.765,2.5083,,
27.835,2.5026,,
27.926,2.5015,,
28.015,2.4949,,
28.016,2.4824,,
28.082,2.4734,,
28.06,2.465,,
28.104,2.4641,,
28.189,2.4572,,
28.146,2.4523,,
28.188,2.4749,,
28.188,2.4729,,
28.042,2.4684,,
28.125,2.4592,,
28.105,2.4514,,
28.247,2.4431,,
28.185,2.4372,,
28.265,2.4358,,
28.284,2.4335,,
28.303,2.4276,,
28.243,2.4499,,
28.301,2.4453,,
28.203,2.4426,,
28.279,2.4386,,
28.317,2.439,,
28.335,2.4343,,
28.295,2.4259,,
28.219,2.4216,,
28.293,2.4168,,
28.237,2.4205,,
28.217,2.4358,,
28.254,2.4338,,
28.162,2.4338,,
28.18,2.4303,,
28.233,2.4285,,
28.233,2.4321,,
28.161,2.4322,,
28.196,2.4286,,
28.16,2.4263,,
28.16,2.4223,,
28.108,2.4389,,
28.16,2.432,,
28.229,2.4303,,
28.262,2.4251,,
28.296,2.4228,,
28.261,2.4175,,
28.294,2.4135,,
28.343,2.4143,,
28.392,2.4106,,
28.417,2.4044,,
15.625,2.423,,
18.75,2.4206,,
22.917,2.4183,,
21.875,2.4168,,
25.625,2.4166,,
26.042,2.4141,,
25.893,2.4133,,
24.609,2.4138,,
23.958,2.4138,,
25.625,2.4118,,
23.864,2.425,,
24.74,2.4204,,
24.279,2.4188,,
24.554,2.4169,,
25.0,2.4159,,
25.0,2.4157,,
24.632,2.4141,,
23.958,2.4109,,
24.013,2.4102,,
24.375,2.4172,,
24.702,2.4317,,
25.142,2.4293,,
25.543,2.4276,,
25.391,2.4255,,
25.5,2.4236,,
25.721,2.4215,,
25.231,2.4217,,
25.112,2.4194,,
24.784,2.4182,,
24.896,2.4159,,
24.395,2.4267,,
24.609,2.4263,,
24.527,2.424,,
24.173,2.4234,,
24.464,2.4216,,
24.653,2.4181,,
24.916,2.4161,,
25.164,2.4142,,
25.481,2.4114,,
25.859,2.4098,,
25.762,2.4179,,
25.818,2.4139,,
25.872,2.4095,,
26.065,2.4076,,
26.389,2.406,,
26.359,2.4029,,
26.463,2.4028,,
26.628,2.4004,,
26.786,2.3992,,
26.688,2.396,,
26.471,2.4009,,
26.683,2.3968,,
26.651,2.3962,,
26.91,2.3949,,
27.102,2.3951,,
27.176,2.3929,,
27.193,2.3902,,
27.155,2.3895,,
27.172,2.3886,,
27.188,2.3873,,
27.152,2.3958,,
27.319,2.3908,,
27.232,2.3911,,
27.344,2.386,,
27.452,2.3874,,
27.652,2.3858,,
27.892,2.385,,
27.895,2.385,,
27.989,2.385,,
27.812,2.384,,
27.465,2.3913,,
27.474,2.3877,,
27.44,2.3846,,
27.492,2.3807,,
27.417,2.3819,,
27.344,2.3815,,
27.394,2.3787,,
27.364,2.3789,,
27.334,2.3782,,
27.305,2.3775,,
27.546,2.3868,,
27.744,2.385,,
27.711,2.384,,
27.716,2.3828,,
27.831,2.3839,,
27.943,2.3824,,
28.053,2.3816,,
27.947,2.3813,,
28.09,2.3805,,
28.333,2.3783,,
28.125,2.3821,,
28.261,2.3794,,
28.293,2.3784,,
28.291,2.3793,,
28.257,2.3779,,
28.288,2.3767,,
28.286,2.3733,,
28.253,2.3725,,
28.157,7.1809,,
28.312,7.0776,,
28.311,7.0956,,
28.493,7.0337,,
28.519,7.6368,,
28.576,7.6689,,
28.512,7.7781,,
28.42,7.7777,,
28.505,7.8108,,
28.559,7.746,,
28.641,7.728,,
28.466,7.7021,,
28.35,7.7191,,
28.376,7.6785,,
28.402,7.6687,,
28.454,7.7005,,
28.505,7.6842,,
28.502,7.7206,,
28.472,7.7229,,
28.522,7.7164,,
28.493,7.7128,,
28.542,7.7111,,
28.59,7.7483,,
28.535,7.7246,,
28.582,7.7032,,
28.503,7.7021,,
28.6,7.6865,,
28.671,7.733,,
28.691,7.7418,,
28.687,7.7295,,
28.706,7.7077,,
28.678,7.6896,,
28.626,7.6663,,
28.764,7.653,,
28.877,7.6395,,
28.918,7.6437,,
28.866,7.6362,,
28.929,7.623,,
29.015,7.6167,,
29.053,7.6144,,
29.069,7.6089,,
29.174,7.6109,,
29.255,7.6233,,
29.379,7.6172,,
29.436,7.6098,,
29.536,7.6193,,
29.526,7.6246,,
29.58,7.6538,,
29.571,7.6445,,
29.497,7.6342,,
29.593,7.6361,,
29.625,7.6333,,
29.615,7.6261,,
29.729,7.6125,,
29.759,7.6276,,
29.87,7.6322,,
29.798,7.6422,,
29.868,7.6369,,
29.857,7.6412,,
29.806,7.6521,,
29.776,7.6796,,
29.844,7.6786,,
29.717,7.6632,,
29.823,7.6648,,
29.889,7.6582,,
29.935,7.6478,,
29.905,7.6587,,
29.838,7.669,,
29.903,7.6673,,
29.892,7.6864,,
29.826,7.6808,,
29.816,7.6853,,
29.825,7.6895,,
29.869,7.6884,,
29.877,7.6962,,
29.939,7.6971,,
29.893,7.7021,,
29.883,7.7106,,
29.873,7.7107,,
29.846,2.6156,,
29.818,2.6097,,
29.792,2.4325,,
29.852,2.4026,,
29.911,2.2735,,
29.884,2.2458,,
29.857,2.2659,,
29.916,2.3146,,
30.024,2.3337,,
30.097,2.3164,,
30.117,2.4979,,
21.875,2.4547,,
18.75,2.4266,,
23.958,2.4111,,
25.0,2.4123,,
30.0,2.4276,,
30.729,2.4168,,
28.571,2.4164,,
27.734,2.3998,,
27.431,2.3921,,
28.125,2.4449,,
26.705,2.4219,,
28.385,2.3961,,
27.885,2.3828,,
28.348,2.3715,,
28.542,2.3606,,
28.125,2.3509,,
27.39,2.3675,,
27.257,2.3695,,
27.632,2.3572,,
27.969,2.4069,,
28.72,2.4031,,
29.261,2.4009,,
29.755,2.408,,
29.948,2.3989,,
30.125,2.3935,,
30.409,2.3852,,
30.324,2.3835,,
29.911,2.3658,,
29.526,2.3662,,
29.375,2.4029,,
29.234,2.3974,,
29.297,2.3937,,
29.545,2.3889,,
28.952,2.3764,,
29.286,2.3703,,
29.253,2.3617,,
29.392,2.3597,,
29.688,2.3528,,
30.048,2.3479,,
30.391,2.3748,,
30.03,2.3739,,
30.134,2.3708,,
30.16,2.36,,
30.256,2.3525,,
30.833,2.3464,,
30.842,2.3434,,
31.051,2.3421,,
31.12,2.3388,,
31.059,2.3308,,
31.125,2.3468,,
31.066,2.3415,,
30.95,2.3393,,
30.896,2.3383,,
31.366,2.3399,,
31.42,2.3365,,
31.417,2.3281,,
31.469,2.3251,,
31.466,2.3199,,
31.356,2.3248,,
31.354,2.3451,,
31.25,2.3431,,
31.401,2.343,,
31.3,2.339,,
31.348,2.3362,,
31.49,2.3374,,
31.487,2.3365,,
31.716,2.3333,,
31.756,2.3301,,
31.793,2.3273,,
31.652,2.3359,,
31.47,2.3296,,
31.554,2.3285,,
31.378,2.3243,,
31.419,2.322,,
31.292,2.3174,,
31.209,2.3137,,
31.25,2.3149,,
31.13,2.3108,,
31.21,2.3047,,
31.172,2.3258,,
31.404,2.3249,,
31.669,2.3238,,
31.589,2.3226,,
31.473,2.3217,,
31.434,2.3193,,
31.504,2.3182,,
31.645,2.3198,,
31.499,2.3195,,
31.531,2.3163,,
31.632,2.3268,,
31.422,2.3216,,
31.522,2.3204,,
31.586,2.3188,,
31.616,2.3179,,
31.546,2.3183,,
31.576,2.3157,,
31.54,2.3137,,
31.441,2.3138,,
31.345,2.3201,,
31.406,2.3376,,
31.343,2.3354,,
31.434,2.3331,,
31.493,2.3303,,
31.581,2.328,,
31.548,2.3253,,
31.486,2.3253,,
31.542,2.3225,,
31.597,2.3211,,
31.594,2.32,,
31.42,2.3287,,
31.222,2.3288,,
31.278,2.326,,
31.333,2.3263,,
31.332,2.3253,,
31.332,2.3228,,
31.331,2.3215,,
31.303,2.3204,,
31.303,2.3182,,
31.224,2.317,,
31.276,2.3273,,
31.224,2.3237,,
31.173,2.3209,,
31.25,2.3185,,
31.124,2.3177,,
31.125,2.3149,,
31.176,2.3158,,
31.201,2.3135,,
31.201,2.3121,,
31.226,2.3094,,
31.25,2.3133,,
31.083,2.3093,,
31.179,2.3085,,
31.273,2.307,,
31.297,2.3076,,
31.273,2.3049,,
31.342,2.3041,,
31.387,2.3051,,
31.431,2.3039,,
31.475,2.3028,,
31.585,2.3111,,
31.76,2.3063,,
31.866,2.3077,,
31.84,2.3029,,
31.879,2.3042,,
31.875,2.3019,,
31.935,2.3018,,
31.994,2.3018,,
31.968,2.3024,,
32.005,2.3002,,
32.021,2.3089,,
31.933,2.305,,
31.99,2.3021,,
31.944,2.298,,
32.062,2.2997,,
31.956,2.2997,,
31.991,2.2974,,
32.046,2.2974,,
32.021,2.2964,,
31.977,2.2958,,
32.012,2.3039,,
31.891,2.3017,,
32.022,2.3007,,
32.074,2.2989,,
32.088,2.3008,,
32.083,2.3001,,
32.003,2.2993,,
32.055,2.2983,,
32.031,2.2969,,
32.008,2.2944,,
32.04,2.2996,,
31.963,2.2967,,
31.995,2.2963,,
32.027,2.2975,,
32.058,2.2962,,
32.0,2.2945,,
31.96,2.2913,,
31.939,2.2905,,
31.987,6.9802,,
31.983,6.9594,,
32.031,7.0072,,
32.061,6.9679,,
32.074,7.9395,,
32.087,7.9893,,
32.048,8.2789,,
32.095,8.2508,,
32.191,8.6582,,
32.253,8.5133,,
32.25,8.6128,,
21.875,8.5544,,
25.0,8.6744,,
29.167,8.5636,,
31.25,8.4802,,
34.375,8.6665,,
34.375,8.6405,,
33.482,8.8794,,
32.812,8.9369,,
31.597,8.9454,,
32.5,8.937,,
30.682,8.8429,,
32.292,8.957,,
31.25,8.9107,,
32.143,8.8381,,
31.667,8.7981,,
31.641,8.7398,,
30.699,8.8879,,
30.556,8.8697,,
30.592,8.8811,,
31.25,8.822,,
31.994,8.768,,
32.244,8.7128,,
32.745,8.6662,,
32.812,8.6255,,
32.75,8.6045,,
32.812,8.5903,,
32.639,8.5497,,
32.143,8.5184,,
31.897,8.4941,,
31.667,8.4625,,
31.25,8.4745,,
31.445,8.482,,
31.629,8.4493,,
31.066,8.4311,,
31.25,8.51,,
31.076,8.5239,,
31.166,8.6494,,
31.25,8.6198,,
31.731,8.5893,,
31.562,8.5784,,
31.555,8.5634,,
31.622,8.5368,,
31.468,8.5054,,
31.463,8.5157,,
31.806,8.5212,,
31.726,8.5269,,
31.848,8.507,,
31.901,8.5154,,
32.079,8.528,,
31.938,8.6401,,
31.618,8.6496,,
31.611,8.6188,,
31.722,8.6424,,
32.118,8.6191,,
32.273,8.593,,
32.366,8.6392,,
32.456,8.6914,,
32.381,8.682,,
32.468,8.7019,,
32.604,8.6799,,
32.736,8.7145,,
32.964,8.7219,,
32.986,8.7222,,
33.057,8.7348,,
33.125,8.7289,,
33.191,8.7255,,
33.396,8.7741,,
33.41,8.7728,,
33.469,2.511,,
33.259,2.4337,,
33.011,2.3233,,
33.073,2.3339,,
32.92,2.2263,,
32.77,2.2023,,
32.583,2.2061,,
32.401,2.2554,,
32.427,2.2567,,
32.372,2.2486,,
32.555,2.3907,,
32.5,2.344,,
32.793,2.3227,,
33.079,2.2992,,
33.02,2.31,,
33.036,2.3256,,
33.051,2.3192,,
33.14,2.33,,
33.333,2.313,,
33.203,2.3033,,
33.251,2.3519,,
33.438,2.331,,
33.242,2.3059,,
33.288,2.2924,,
33.233,2.2792,,
33.245,2.2742,,
33.289,2.2667,,
33.301,2.2858,,
33.312,2.2905,,
33.291,2.2859,,
33.176,2.3371,,
33.281,2.3332,,
33.261,2.3304,,
33.487,2.3351,,
33.525,2.3251,,
33.594,2.3219,,
33.542,2.3176,,
33.491,2.3163,,
33.528,2.3038,,
33.536,2.2995,,
33.515,2.3304,,
33.324,2.3233,,
33.136,2.3194,,
33.203,2.3145,,
33.158,2.3028,,
33.196,2.2964,,
33.207,2.2887,,
33.19,2.2901,,
33.12,2.2838,,
33.21,2.2802,,
33.062,2.3088,,
33.073,2.3085,,
33.11,2.3052,,
33.094,2.2943,,
33.13,2.2869,,
33.014,2.2822,,
33.0,2.2793,,
33.036,2.2774,,
33.071,2.275,,
33.057,2.2661,,
33.043,2.2797,,
33.029,2.2751,,
32.92,2.2714,,
33.026,2.2676,,
33.106,2.2676,,
33.162,2.2638,,
33.125,2.2565,,
33.18,2.2526,,
33.212,2.2477,,
33.243,2.2553,,
33.296,2.279,,
33.371,2.2782,,
33.488,2.2786,,
33.605,2.2752,,
33.654,2.2748,,
33.724,2.2761,,
33.664,2.2752,,
33.69,2.2727,,
33.737,2.2703,,
33.699,2.2679,,
33.788,2.2766,,
33.812,2.2702,,
33.713,2.2694,,
33.779,2.2652,,
33.803,2.2642,,
33.929,2.2595,,
33.851,2.2544,,
33.914,2.2551,,
33.937,2.2512,,
33.94,2.2452,,
33.825,2.2657,,
33.887,2.2639,,
33.696,2.2613,,
33.796,2.2594,,
33.877,2.2579,,
33.937,2.2568,,
33.826,2.2564,,
33.773,2.2565,,
33.814,2.2556,,
33.724,2.252,,
33.709,2.2621,,
33.713,2.2565,,
33.699,2.2551,,
33.666,2.2532,,
33.652,2.2528,,
33.675,2.2532,,
33.625,2.2501,,
33.594,2.2476,,
33.598,2.2467,,
33.585,2.2527,,
33.537,2.2684,,
33.559,2.2659,,
33.564,2.2644,,
33.568,2.2615,,
33.521,2.2608,,
33.492,2.2583,,
33.547,2.259,,
33.619,2.2569,,
33.69,2.2566,,
33.7,2.2554,,
,2.2632,,
,2.2635,,
,2.2612,,
,2.2607,,
,2.2595,,
,2.2562,,
,2.2543,,
,2.2525,,
,2.2509,,
,2.2497,,
,2.2587,,
,2.2542,,
,2.2503,,
,2.2481,,
,2.248,,
,2.2453,,
,2.2454,,
,2.2436,,
,2.2418,,
,2.2391,,
,2.2418,,
,2.238,,
,2.2377,,
,2.2362,,
,2.2369,,
,2.2336,,
,2.2315,,
,2.2317,,
,2.2301,,
,2.2292,,
,2.239,,
,2.235,,
,2.235,,
,2.2307,,
,2.232,,
,2.2301,,
,2.2298,,
,2.2297,,
,2.2309,,
,2.2287,,
,2.2337,,
,2.2303,,
,2.2285,,
,2.2258,,
,2.2262,,
,2.2266,,
,2.2246,,
,2.225,,
,2.2247,,
,2.2245,,
,2.2343,,
,2.2325,,
,2.2319,,
,2.2324,,
,2.2335,,
,2.2316,,
,2.2307,,
,2.2304,,
,2.23,,
,2.229,,
,2.2322,,
,2.2299,,
,2.2299,,
,2.2308,,
,2.2295,,
,2.2282,,
,2.2248,,
,2.2238,,
,7.0544,,
,7.013,,
,7.0573,,
,7.0386,,
,7.6,,
,7.6254,,
,7.9356,,
,7.8869,,
,8.1443,,
,8.0604,,
,8.0474,,
,7.9743,,
,8.0231,,
,7.9678,,
,7.9235,,
,7.9866,,
,8.0058,,
,8.1365,,
,8.1876,,
,8.1822,,
,8.1821,,
,8.1299,,
,8.2116,,
,8.1914,,
,8.163,,
,8.1354,,
,8.0986,,
,8.1699,,
,8.159,,
,8.1424,,
,8.1095,,
,8.081,,
,8.0484,,
,8.0222,,
,8.0022,,
,8.0012,,
,7.9917,,
,7.9679,,
,7.9642,,
,7.955,,
,7.9368,,
,7.9615,,
,7.9621,,
,7.9433,,
,7.9251,,
,7.9516,,
,7.9448,,
,8.0048,,
,7.988,,
,7.9704,,
,7.9715,,
,7.9689,,
,7.9515,,
,7.9309,,
,7.9468,,
,7.9585,,
,7.9601,,
,7.9498,,
,7.9577,,
,7.9757,,
,8.0207,,
,8.0217,,
,8.0017,,
,8.005,,
,7.9949,,
,7.9789,,
,8.0073,,
,8.0384,,
,8.0284,,
,8.048,,
,8.0354,,
,8.059,,
,8.0692,,
,8.062,,
,8.0697,,
,8.0678,,
,8.0729,,
,8.0926,,
,8.0926,,
,2.5862,,
,2.4386,,
,2.3257,,
,2.3109,,
,2.202,,
,2.1756,,
,2.1931,,
,2.2335,,
,2.2574,,
,2.2447,,
,2.3992,,
,2.3513,,
,2.3394,,
,2.3158,,
,2.3196,,
,2.3353,,
,2.3327,,
,2.345,,
,2.3355,,
,2.3269,,
,2.3621,,
,2.3425,,
,2.3181,,
,2.3051,,
,2.2975,,
,2.2851,,
,2.2763,,
,2.293,,
,2.2908,,
,2.2793,,
,2.3338,,
,2.3299,,
,2.3243,,
,2.3286,,
,2.3177,,
,2.3157,,
,2.3123,,
,2.3074,,
,2.2937,,
,2.2879,,
,2.3209,,
,2.315,,
,2.3122,,
,2.3076,,
,2.2958,,
,2.2871,,
,2.2759,,
,2.2745,,
,2.2655,,
,2.2618,,
,2.2854,,
,2.283,,
,2.282,,
,2.2727,,
,2.2671,,
,2.2628,,
,2.2601,,
,2.2594,,
,2.2569,,
,2.2465,,
,2.2611,,
,2.2557,,
,2.2516,,
,2.2474,,
,2.2471,,
,2.2429,,
,2.2349,,
,2.231,,
,2.2263,,
,2.2345,,
,2.2559,,
,2.2547,,
,2.2553,,
,2.2524,,
,2.2512,,
,2.2523,,
,2.2522,,
,2.2501,,
,2.2474,,
,2.2439,,
,2.2491,,
,2.2418,,
,2.2401,,
,2.2353,,
,2.233,,
,2.2282,,
,2.2228,,
,2.2249,,
,2.2204,,
,2.2144,,
,2.2372,,
,2.2357,,
,2.2331,,
,2.2313,,
,2.2295,,
,2.2274,,
,2.2264,,
,2.2271,,
,2.2257,,
,2.2216,,
,2.231,,
,2.2253,,
,2.2238,,
,2.2215,,
,2.2218,,
,2.2215,,
,2.2184,,
,2.2167,,
,2.2149,,
,2.2209,,
,2.2352,,
,2.2328,,
,2.2301,,
,2.2274,,
,2.2265,,
,2.2248,,
,2.2254,,
,2.2235,,
,2.2223,,
,2.2205,,
,2.2266,,
,2.2266,,
,2.2237,,
,2.2232,,
,2.2213,,
,2.2179,,
,2.2159,,
,2.2152,,
,2.2136,,
,2.212,,
,2.2207,,
,2.2159,,
,2.2128,,
,2.2099,,
,2.2093,,
,2.2072,,
,2.206,,
,2.2041,,
,2.2028,,
,2.1997,,
,2.2036,,
,2.1997,,
,2.1988,,
,2.1969,,
,2.1973,,
,2.1941,,
,2.1924,,
,2.192,,
,2.1903,,
,2.1888,,
,2.1939,,
,2.1895,,
,2.1898,,
,2.1853,,
,2.186,,
,2.1836,,
,2.1834,,
,2.1832,,
,2.1841,,
,2.182,,
,2.1928,,
,2.1891,,
,2.1867,,
,2.1828,,
,2.183,,
,2.1827,,
,2.1809,,
,2.1806,,
,2.1804,,
,2.1797,,
,2.1846,,
,2.183,,
,2.1819,,
,2.1813,,
,2.1833,,
,2.1818,,
,2.1809,,
,2.1807,,
,2.1789,,
,2.1769,,
,2.1811,,
,2.1783,,
,2.1784,,
,2.1792,,
,2.1778,,
,2.1755,,
,2.1721,,
,2.1711,,
,7.0932,,
,7.0462,,
,7.09,,
,7.0707,,
,8.0409,,
,8.0125,,
,8.1673,,
,8.1096,,
,8.3623,,
,8.2578,,
,8.2751,,
,8.1861,,
,8.2012,,
,8.1247,,
,8.1118,,
,8.1028,,
,8.1027,,
,8.2641,,
,8.2919,,
,8.2766,,
,8.298,,
,8.269,,
,8.3234,,
,8.2887,,
,8.2454,,
,8.2152,,
,8.176,,
,8.3094,,
,8.3173,,
,8.2864,,
,8.2486,,
,8.2134,,
,8.1754,,
,8.1466,,
,8.121,,
,8.1119,,
,8.1005,,
,8.0753,,
,8.0658,,
,8.0543,,
,8.0349,,
,8.0577,,
,8.0671,,
,8.0449,,
,8.036,,
,8.0595,,
,8.0513,,
,8.1288,,
,8.1092,,
,8.0886,,
,8.0881,,
,8.0815,,
,8.0622,,
,8.0407,,
,8.0401,,
,8.0412,,
,8.0487,,
,8.0392,,
,8.0406,,
,8.0568,,
,8.1035,,
,8.0923,,
,8.072,,
,8.0749,,
,8.0681,,
,8.0518,,
,8.0753,,
,8.1043,,
,8.0942,,
,8.1214,,
,8.1117,,
,8.1382,,
,8.1582,,
,8.1462,,
,8.1603,,
,8.1589,,
,8.1733,,
,8.1957,,
,8.1956,,
,2.2432,,
,2.2279,,
,2.1659,,
,2.2006,,
,2.0832,,
,2.0644,,
,2.107,,
,2.1566,,
,2.1794,,
,2.169,,
,2.3089,,
,2.2557,,
,2.2433,,
,2.2072,,
,2.221,,
,2.2315,,
,2.2304,,
,2.241,,
,2.2211,,
,2.208,,
,2.2404,,
,2.2211,,
,2.197,,
,2.1849,,
,2.1754,,
,2.1671,,
,2.1601,,
,2.1777,,
,2.1782,,
,2.1688,,
,2.2054,,
,2.2046,,
,2.198,,
,2.2089,,
,2.2008,,
,2.1995,,
,2.1945,,
,2.1923,,
,2.1826,,
,2.1747,,
,2.214,,
,2.2065,,
,2.2023,,
,2.1994,,
,2.1851,,
,2.1782,,
,2.1668,,
,2.1681,,
,2.1612,,
,2.1535,,
,2.1715,,
,2.171,,
,2.1693,,
,2.1582,,
,2.1509,,
,2.1488,,
,2.1445,,
,2.1447,,
,2.143,,
,2.1379,,
,2.1566,,
,2.1507,,
,2.1475,,
,2.1453,,
,2.1456,,
,2.1417,,
,2.1332,,
,2.1286,,
,2.1247,,
,2.1318,,
,2.1481,,
,2.1464,,
,2.1484,,
,2.1454,,
,2.1444,,
,2.1461,,
,2.1462,,
,2.1449,,
,2.1426,,
,2.1406,,
,2.1452,,
,2.138,,
,2.1386,,
,2.1384,,
,2.142,,
,2.1416,,
,2.1383,,
,2.1401,,
,2.1368,,
,2.1326,,
,2.1572,,
,2.1565,,
,2.1544,,
,2.1518,,
,2.1507,,
,2.1488,,
,2.1492,,
,2.1499,,
,2.149,,
,2.1463,,
,2.1566,,
,2.1518,,
,2.1489,,
,2.1478,,
,2.1472,,
,2.1475,,
,2.1447,,
,2.1425,,
,2.1424,,
,2.148,,
,2.1624,,
,2.1591,,
,2.1561,,
,2.1537,,
,2.1534,,
,2.1516,,
,2.1526,,
,2.1508,,
,2.1508,,
,2.1494,,
,2.1566,,
,2.1565,,
,2.1531,,
,2.1535,,
,2.1526,,
,2.1499,,
,2.148,,
,2.1479,,
,2.1465,,
,2.1443,,
,2.1572,,
,2.1532,,
,2.1501,,
,2.147,,
,2.147,,
,2.1449,,
,2.1443,,
,2.1427,,
,2.1412,,
,2.1385,,
,2.1403,,
,2.1359,,
,2.1359,,
,2.135,,
,2.1357,,
,2.1321,,
,2.1304,,
,2.1298,,
,2.129,,
,2.1265,,
,2.135,,
,2.1308,,
,2.1308,,
,2.1262,,
,2.1278,,
,2.1259,,
,2.1255,,
,2.1255,,
,2.1268,,
,2.125,,
,2.1326,,
,2.128,,
,2.1261,,
,2.1226,,
,2.1221,,
,2.1219,,
,2.1211,,
,2.1213,,
,2.1207,,
,2.1196,,
,2.1278,,
,2.1257,,
,2.125,,
,2.1248,,
,2.1269,,
,2.1263,,
,2.1255,,
,2.1247,,
,2.1234,,
,2.1217,,
,2.1256,,
,2.1237,,
,2.1238,,
,2.125,,
,2.1234,,
,2.1213,,
,2.1184,,
,2.1176,,
,6.9492,,
,7.106,,
,7.214,,
,7.1603,,
,7.5772,,
,7.7855,,
,8.1778,,
,8.0763,,
,8.3,,
,8.1889,,
,8.0757,,
,7.9974,,
,7.9773,,
,7.943,,
,7.913,,
,7.9327,,
,7.9421,,
,8.0535,,
,8.092,,
,8.0933,,
,8.1013,,
,8.0686,,
,8.1438,,
,8.139,,
,8.1328,,
,8.1022,,
,8.0987,,
,8.1663,,
,8.1471,,
,8.1034,,
,8.0718,,
,8.041,,
,8.0056,,
,7.9821,,
,7.9612,,
,7.9607,,
,7.9432,,
,7.9189,,
,7.9549,,
,7.9436,,
,7.9242,,
,7.948,,
,7.936,,
,7.9248,,
,7.9074,,
,7.9145,,
,7.8985,,
,7.9439,,
,7.9252,,
,7.9065,,
,7.9099,,
,7.9101,,
,7.8927,,
,7.8715,,
,7.8992,,
,7.9105,,
,7.9103,,
,7.9019,,
,7.9088,,
,7.9345,,
,7.9554,,
,7.956,,
,7.9369,,
,7.9271,,
,7.9264,,
,7.9136,,
,7.9298,,
,7.9605,,
,7.9481,,
,7.97,,
,7.9602,,
,7.9816,,
,7.9997,,
,7.9903,,
,7.9932,,
,7.9978,,
,8.0082,,
,8.0271,,
,8.0272,,
,2.3796,,
,2.2413,,
,2.1122,,
,2.1239,,
,1.9954,,
,1.9847,,
,2.0079,,
,2.0468,,
,2.0806,,
,2.0679,,
,2.2128,,
,2.1608,,
,2.1547,,
,2.1222,,
,2.133,,
,2.1391,,
,2.1402,,
,2.1529,,
,2.1414,,
,2.1267,,
,2.1561,,
,2.1399,,
,2.1153,,
,2.1044,,
,2.0997,,
,2.0921,,
,2.0888,,
,2.1058,,
,2.1039,,
,2.0941,,
,2.1418,,
,2.1384,,
,2.1341,,
,2.1415,,
,2.1334,,
,2.1343,,
,2.1332,,
,2.1306,,
,2.1201,,
,2.1183,,
,2.1419,,
,2.1376,,
,2.1366,,
,2.1348,,
,2.1254,,
,2.1192,,
,2.1093,,
,2.1092,,
,2.1033,,
,2.0959,,
,2.1217,,
,2.121,,
,2.1199,,
,2.1086,,
,2.1029,,
,2.0983,,
,2.0949,,
,2.0952,,
,2.092,,
,2.0855,,
,2.0976,,
,2.0917,,
,2.0881,,
,2.0843,,
,2.0843,,
,2.0811,,
,2.0737,,
,2.0694,,
,2.0649,,
,2.0723,,
,2.0928,,
,2.0915,,
,2.0943,,
,2.0927,,
,2.0931,,
,2.0966,,
,2.095,,
,2.0936,,
,2.0908,,
,2.0893,,
,2.0919,,
,2.0858,,
,2.0844,,
,2.0812,,
,2.0806,,
,2.0768,,
,2.0724,,
,2.0735,,
,2.0689,,
,2.063,,
,2.0826,,
,2.083,,
,2.0818,,
,2.0807,,
,2.0784,,
,2.0769,,
,2.0764,,
,2.0769,,
,2.0766,,
,2.0737,,
,2.0835,,
,2.0791,,
,2.0774,,
,2.0752,,
,2.0761,,
,2.0761,,
,2.0731,,
,2.0711,,
,2.0705,,
,2.0781,,
,2.0946,,
,2.0912,,
,2.0893,,
,2.0867,,
,2.0854,,
,2.0834,,
,2.0854,,
,2.0836,,
,2.0836,,
,2.0838,,
,2.0894,,
,2.0895,,
,2.0874,,
,2.0866,,
,2.0856,,
,2.0822,,
,2.0807,,
,2.0803,,
,2.0797,,
,2.078,,
,2.0873,,
,2.0826,,
,2.0794,,
,2.0769,,
,2.0772,,
,2.0749,,
,2.0744,,
,2.0734,,
,2.0718,,
,2.0686,,
,2.071,,
,2.0669,,
,2.0662,,
,2.0651,,
,2.0669,,
,2.0642,,
,2.0621,,
,2.0613,,
,2.0595,,
,2.058,,
,2.065,,
,2.0614,,
,2.0604,,
,2.056,,
,2.0584,,
,2.0566,,
,2.0563,,
,2.0563,,
,2.0581,,
,2.0566,,
,2.0654,,
,2.0625,,
,2.0603,,
,2.0579,,
,2.0598,,
,2.0608,,
,2.0598,,
,2.061,,
,2.0608,,
,2.0595,,
,2.0654,,
,2.0635,,
,2.0639,,
,2.0638,,
,2.0662,,
,2.065,,
,2.0638,,
,2.0628,,
,2.0612,,
,2.0594,,
,2.0628,,
,2.061,,
,2.0612,,
,2.0627,,
,2.0616,,
,2.0598,,
,2.057,,
,2.0557,,
,7.0348,,
,7.0179,,
,7.089,,
,7.078,,
,7.3011,,
,7.3191,,
,7.3427,,
,7.354,,
,7.3982,,
,7.3935,,
,7.3722,,
,7.3619,,
,7.3707,,
,7.3452,,
,7.335,,
,7.3416,,
,7.3441,,
,7.3724,,
,7.3543,,
,7.3493,,
,7.3614,,
,7.341,,
,7.342,,
,7.3277,,
,7.3249,,
,7.3294,,
,7.3184,,
,7.3419,,
,7.3514,,
,7.3393,,
,7.3355,,
,7.3311,,
,7.3203,,
,7.3178,,
,7.3159,,
,7.3156,,
,7.3092,,
,7.3062,,
,7.3005,,
,7.3099,,
,7.3084,,
,7.3161,,
,7.3235,,
,7.3179,,
,7.3121,,
,7.3115,,
,7.3119,,
,7.3283,,
,7.325,,
,7.32,,
,7.3261,,
,7.3284,,
,7.3226,,
,7.3151,,
,7.3229,,
,7.3279,,
,7.3258,,
,7.3294,,
,7.3364,,
,7.3382,,
,7.3473,,
,7.348,,
,7.3391,,
,7.3378,,
,7.3347,,
,7.3291,,
,7.3284,,
,7.3302,,
,7.3292,,
,7.3376,,
,7.3362,,
,7.3401,,
,7.3432,,
,7.3407,,
,7.3424,,
,7.3391,,
,7.3436,,
,7.3438,,
,7.345,,
,,,
,,,
,,,
,,,
,,,
,,,
,,,
,,,
,,,
,,,
,,,
,,,
,,,
,,,
,,,
,,,
,,,
,,,
,,,
,,,
,,,
,,,
,,,
,,,
,,,
,,,
,,,
,,,
,,,
,,,
,,,
,,,
,,,
,,,
,,,
,,,
,,,
,,,
,,,
,,,
,,,
,,,
,,,
,,,
,,,
,,,
,,,
,,,
,,,
,,,
,,,
,,,
,,,
,,,
,,,
,,,
,,,
,,,
,,,
,,,
,,,
,,,
,,,
,,,
,,,
,,,
,,,
,,,
,,,
,,,
,,,
,,,
,,,
,,,
,,,
,,,
,,,
,,,
,,,
,,,
,,,
,,,
,,,
,,,
,,,
,,,
,,,
,,,
,,,
,,,
,,,
,,,
,,,
,,,
,,,
,,,
,,,
,,,
,,,
,,,
,,,
,,,
,,,
,,,
,,,
,,,
,,,
,,,
,,,
,,,
,,,
,,,
,,,
,,,
,,,
,,,
,,,
,,,
,,,
,,,
,,,
,,,
,,,
,,,
,,,
,,,
,,,
,,,
,,,
,,,
,,,
,,,
,,,
,,,
,,,
,,,
,,,
,,,
,,,
,,,
,,,
,,,
,,,
,,,
,,,
,,,
,,,
,,,
,,,
,,,
,,,
,,,
,,,
,,,
,,,
,,,
,,,
,,,
,,,
,,,
,,,
,,,
,,,
,,,
,,,
,,,
,,,
,,,
,,,
,,,
,,,
,,,
,,,
,,,
,,,
,,,
,,,
,,,
,,,
,,,
,,,
,,,
,,,
,,,
,,,
,,,
,,,
,,,
,,,
,,,
,,,
,,,
,,,
,,,
,,,
,,,
,,,
,,,
,,,
,,,
,,,
,,,
,,,
,,,
,,,
,,,
,,,
,,,
,,,
,,,
,,,
,,,
,,,
,,,
,,,
,,,
,,,
,,,
,,,
,,,
,,,
,,,
,,,
,,,
,,,
,,,
,,,
,,,
,,,
,,,
,,,
,,,
,,,
,,,
,,,
,,,
,,,
,,,
,,,
,,,
,,,
,,,
,,,
,,,
,,,
,,,
,,,
,,,
,,,
,,,
,,,
,,,
,,,
,,,
,,,
,,,
,,,
,,,
,,,
,,,
,,,
,,,
,,,
,,,
,,,
,,,
,,,
,,,
,,,
,,,
,,,
,,,
,,,
,,,
,,,
,,,
,,,
,,,
,,,
,,,
,,,
,,,
,,,
,,,
,,,
,,,
,,,
,,,
,,,
,,,
,,,
,,,
,,,
,,,
,,,
,,,
,,,
,,,
,,,
,,,
,,,
,,,
,,,
,,,
,,,
,,,
,,,
,,,
,,,
,,,
,,,
,,,
,,,
,,,
,,,
,,,
,,,
,,,
,,,
,,,
,,,
,,,
,,,
,,,
,,,
,,,
,,,
,,,
,,,
,,,
,,,
,,,
,,,
,,,
,,,
,,,
,,,
,,,
,,,
,,,
,,,
,,,
,,,
,,,
,,,
,,,
,,,
,,,
,,,
,,,
,,,
,,,
,,,
,,,
,,,
,,,
,,,
,,,
,,,
,,,
,,,
,,,
,,,
,,,
,,,
,,,
,,,
,,,
,,,
,,,
,,,
,,,
,,,
,,,
,,,
,,,
,,,
,,,
,,,
,,,
,,,
,,,
,,,
,,,
,,,
,,,
,,,
,,,
,,,
,,,
,,,
,,,
,,,
,,,
,,,
,,,
,,,
,,,
,,,
,,,
,,,
,,,
,,,
,,,
,,,
,,,
,,,
,,,
,,,
,,,
,,,
,,,
,,,
,,,
,,,
,,,
,,,
,,,
,,,
,,,
,,,
,,,
,,,
,,,
,,,
,,,
,,,
,,,
,,,
,,,
,,,
,,,
,,,
,,,
,,,
,,,
,,,
,,,
,,,
,,,
,,,
,,,
,,,
,,,
,,,
,,,
,,,
,,,
,,,
,,,
,,,
,,,
,,,
,,,
,,,
,,,
,,,
,,,
,,,
,,,
,,,
,,,
,,,
,,,
,,,
,,,
,,,
,,,
,,,
,,,
,,,
,,,
,,,
,,,
,,,
,,,
,,,
,,,
,,,
,,,
,,,
,,,
,,,
,,,
,,,
,,,
,,,
,,,
,,,
,,,
,,,
,,,
,,,
,,,
,,,
,,,
,,,
,,,
,,,
,,,
,,,
,,,
,,,
,,,
,,,
,,,
,,,
,,,
,,,
,,,
,,,
,,,
,,,
,,,
,,,
,,,
,,,
,,,
,,,
,,,
,,,
,,,
,,,
,,,
,,,
,,,
,,,
,,,
,,,
,,,
,,,
,,,
,,,
,,,
,,,
,,,
,,,
,,,
,,,
,,,
,,,
,,,
,,,
,,,
,,,
,,,
,,,
,,,
,,,
,,,
,,,
,,,
,,,
,,,
,,,
,,,
,,,
,,,
,,,
,,,
,,,
,,,
,,,
,,,
,,,
,,,
,,,
,,,
,,,
,,,
,,,
,,,
,,,
,,,
,,,
,,,
,,,
,,,
,,,
,,,
,,,
,,,
,,,
,,,
,,,
,,,
,,,
,,,
,,,
,,,
,,,
,,,
,,,
,,,
,,,
,,,
,,,
,,,
,,,
,,,
,,,
,,,
,,,
,,,
,,,
,,,
,,,
,,,
,,,
,,,
,,,
,,,
,,,
,,,
,,,
,,,
,,,
,,,
,,,
,,,
,,,
,,,
,,,
,,,
,,,
,,,
,,,
,,,
,,,
,,,
,,,
,,,
,,,
,,,
,,,
,,,
,,,
,,,
,,,
,,,
,,,
,,,
,,,
,,,
,,,
,,,
,,,
,,,
,,,
,,,
,,,
,,,
,,,
,,,
,,,
,,,
,,,
,,,
,,,
,,,
,,,
,,,
,,,
,,,
,,,
,,,
,,,
,,,
,,,
,,,
,,,
,,,
,,,
,,,
,,,
,,,
,,,
,,,
,,,
,,,
,,,
,,,
,,,
,,,
,,,
,,,
,,,
,,,
,,,
,,,
,,,
,,,
,,,
,,,
,,,
,,,
,,,
,,,
,,,
,,,
,,,
,,,
,,,
,,,
,,,
,,,
,,,
,,,
,,,
,,,
,,,
,,,
,,,
,,,
,,,
,,,
,,,
,,,
,,,
,,,
,,,
,,,
,,,
,,,
,,,
,,,
,,,
,,,
,,,
,,,
,,,
,,,
,,,
,,,
,,,
,,,
,,,
,,,
,,,
,,,
,,,
,,,
,,,
,,,
,,,
,,,
,,,
,,,
,,,
,,,
,,,
,,,
,,,
,,,
,,,
,,,
,,,
,,,
,,,
,,,
,,,
,,,
,,,
,,,
,,,
,,,
,,,
,,,
,,,
,,,
,,,
,,,
,,,
,,,
,,,
,,,
,,,
,,,
,,,
,,,
,,,
,,,
,,,
,,,
,,,
,,,
,,,
,,,
,,,
,,,
,,,
,,,
,,,
,,,
,,,
,,,
,,,
,,,
,,,
,,,
,,,
,,,
,,,
,,,
,,,
,,,
,,,
,,,
,,,
,,,
,,,
,,,
,,,
,,,
,,,
,,,
,,,
,,,
,,,
,,,
,,,
,,,
,,,
,,,
,,,
,,,
,,,
,,,
,,,
,,,
,,,
,,,
,,,
,,,
,,,
,,,
,,,
,,,
,,,
,,,
,,,
,,,
,,,
,,,
,,,
,,,
,,,
,,,
,,,
,,,
,,,
,,,
,,,
,,,
,,,
,,,
,,,
,,,
,,,
,,,
,,,
,,,
,,,
,,,
,,,
,,,
,,,
,,,
,,,
,,,
,,,
,,,
,,,
,,,
,,,
,,,
,,,
,,,
,,,
,,,
,,,
,,,
,,,
,,,
,,,
,,,
,,,
,,,
,,,
,,,
,,,
,,,
,,,
,,,
,,,
,,,
,,,
,,,
,,,
,,,
,,,
,,,
,,,
,,,
,,,
,,,
,,,
,,,
,,,
,,,
,,,
,,,
,,,
,,,
,,,
,,,
,,,
,,,
,,,
,,,
,,,
,,,
,,,
,,,
,,,
,,,
,,,
,,,
,,,
,,,
,,,
,,,
,,,
,,,
,,,
,,,
,,,
,,,
,,,
,,,
,,,
,,,
,,,
,,,
,,,
,,,
,,,
,,,
,,,
,,,
,,,
,,,
,,,
,,,
,,,
,,,
,,,
,,,
,,,
,,,
,,,
,,,
,,,
,,,
,,,
,,,
,,,
,,,
,,,
,,,
,,,
,,,
,,,
,,,
,,,
,,,
,,,
,,,
,,,
,,,
,,,
,,,
,,,
,,,
,,,
,,,
,,,
,,,
,,,
,,,
,,,
,,,
,,,
,,,
,,,
,,,
,,,
,,,
,,,
,,,
,,,
,,,
,,,
,,,
,,,
,,,
,,,
,,,
,,,
,,,
,,,
,,,
,,,
,,,
,,,
,,,
,,,
,,,
,,,
,,,
,,,
,,,
,,,
,,,
,,,
,,,
,,,
,,,
,,,
,,,
,,,
,,,
,,,
,,,
,,,
,,,
,,,
,,,
,,,
,,,
,,,
,,,
,,,
,,,
,,,
,,,
,,,
,,,
,,,
,,,
,,,
,,,
,,,
,,,
,,,
,,,
,,,
,,,
,,,
,,,
,,,
,,,
,,,
,,,
,,,
,,,
,,,
,,,
,,,
,,,
,,,
,,,
,,,
,,,
,,,
,,,
,,,
,,,
,,,
,,,
,,,
,,,
,,,
,,,
,,,
,,,
,,,
,,,
,,,
,,,
,,,
,,,
,,,
,,,
,,,
,,,
,,,
,,,
,,,
,,,
,,,
,,,
,,,
,,,
,,,
,,,
,,,
,,,
,,,
,,,
,,,
,,,
,,,
,,,
,,,
,,,
,,,
,,,
,,,
,,,
,,,
,,,
,,,
,,,
,,,
,,,
,,,
,,,
,,,
,,,
,,,
,,,
,,,
,,,
,,,
,,,
,,,
,,,
,,,
,,,
,,,
,,,
,,,
,,,
,,,
,,,
,,,
,,,
,,,
,,,
,,,
,,,
,,,
,,,
,,,
,,,
,,,
,,,
,,,
,,,
,,,
,,,
,,,
,,,
,,,
,,,
,,,
,,,
,,,
,,,
,,,
,,,
,,,
,,,
,,,
,,,
,,,
,,,
,,,
,,,
,,,
,,,
,,,
,,,
,,,
,,,
,,,
,,,
,,,
,,,
,,,
,,,
,,,
,,,
,,,
,,,
,,,
,,,
,,,
,,,
,,,
,,,
,,,
,,,
,,,
,,,
,,,
,,,
,,,
,,,
,,,
,,,
,,,
,,,
,,,
,,,
,,,
,,,
,,,
,,,
,,,
,,,
,,,
,,,
,,,
,,,
,,,
,,,
,,,
,,,
,,,
,,,
,,,
,,,
,,,
,,,
,,,
,,,
,,,
,,,
,,,
,,,
,,,
,,,
,,,
,,,
,,,
,,,
,,,
,,,
,,,
,,,
,,,
,,,
,,,
,,,
,,,
,,,
,,,
,,,
,,,
,,,
,,,
,,,
,,,
,,,
,,,
,,,
,,,
,,,
,,,
,,,
,,,
,,,
,,,
,,,
,,,
,,,
,,,
,,,
,,,
,,,
,,,
,,,
,,,
,,,
,,,
,,,
,,,
,,,
,,,
,,,
,,,
,,,
,,,
,,,
,,,
,,,
,,,
,,,
,,,
,,,
,,,
,,,
,,,
,,,
,,,
,,,
,,,
,,,
,,,
,,,
,,,
,,,
,,,
,,,
,,,
,,,
,,,
,,,
,,,
,,,
,,,
,,,
,,,
,,,
,,,
,,,
,,,
,,,
,,,
,,,
,,,
,,,
,,,
,,,
,,,
,,,
,,,
,,,
,,,
,,,
,,,
,,,
,,,
,,,
,,,
,,,
,,,
,,,
,,,
,,,
,,,
,,,
,,,
,,,
,,,
,,,
,,,
,,,
,,,
,,,
,,,
,,,
,,,
,,,
,,,
,,,
,,,
,,,
,,,
,,,
,,,
,,,
,,,
,,,
,,,
,,,
,,,
,,,
,,,
,,,
,,,
,,,
,,,
,,,
,,,
,,,
,,,
,,,
,,,
,,,
,,,
,,,
,,,
,,,
,,,
,,,
,,,
,,,
,,,
,,,
,,,
,,,
,,,
,,,
,,,
,,,
,,,
,,,
,,,
,,,
,,,
,,,
,,,
,,,
,,,
,,,
,,,
,,,
,,,
,,,
,,,
,,,
,,,
,,,
,,,
,,,
,,,
,,,
,,,
,,,
,,,
,,,
,,,
,,,
,,,
,,,
,,,
,,,
,,,
,,,
,,,
,,,
,,,
,,,
,,,
,,,
,,,
,,,
,,,
,,,
,,,
,,,
,,,
,,,
,,,
,,,
,,,
,,,
,,,
,,,
,,,
,,,
,,,
,,,
,,,
,,,
,,,
,,,
,,,
,,,
,,,
,,,
,,,
,,,
,,,
,,,
,,,
,,,
,,,
,,,
,,,
,,,
,,,
,,,
,,,
,,,
,,,
,,,
,,,
,,,
,,,
,,,
,,,
,,,
,,,
,,,
,,,
,,,
,,,
,,,
,,,
,,,
,,,
,,,
,,,
,,,
,,,
,,,
,,,
,,,
,,,
,,,
,,,
,,,
,,,
,,,
,,,
,,,
,,,
,,,
,,,
,,,
,,,
,,,
,,,
,,,
,,,
,,,
,,,
,,,
,,,
,,,
,,,
,,,
,,,
,,,
,,,
,,,
,,,
,,,
,,,
,,,
,,,
,,,
,,,
,,,
,,,
,,,
,,,
,,,
,,,
,,,
,,,
,,,
,,,
,,,
,,,
,,,
,,,
,,,
,,,
,,,
,,,
,,,
,,,
,,,
,,,
,,,
,,,
,,,
,,,
,,,
,,,
,,,
,,,
,,,
,,,
,,,
,,,
,,,
,,,
,,,
,,,
,,,
,,,
,,,
,,,
,,,
,,,
,,,
,,,
,,,
,,,
,,,
,,,
,,,
,,,
,,,
,,,
,,,
,,,
,,,
,,,
,,,
,,,
,,,
,,,
,,,
,,,
,,,
,,,
,,,
,,,
,,,
,,,
,,,
,,,
,,,
,,,
,,,
,,,
,,,
,,,
,,,
,,,
,,,
,,,
,,,
,,,
,,,
,,,
,,,
,,,
,,,
,,,
,,,
,,,
,,,
,,,
,,,
,,,
,,,
,,,
,,,
,,,
,,,
,,,
,,,
,,,
,,,
,,,
,,,
,,,
,,,
,,,
,,,
,,,
,,,
,,,
,,,
,,,
,,,
,,,
,,,
,,,
,,,
,,,
,,,
,,,
,,,
,,,
,,,
,,,
,,,
,,,
,,,
,,,
,,,
,,,
,,,
,,,
,,,
,,,
,,,
,,,
,,,
,,,
,,,
,,,
,,,
,,,
,,,
,,,
,,,
,,,
,,,
,,,
,,,
,,,
,,,
,,,
,,,
,,,
,,,
,,,
,,,
,,,
,,,
,,,
,,,
,,,
,,,
,,,
,,,
,,,
,,,
,,,
,,,
,,,
,,,
,,,
,,,
,,,
,,,
,,,
,,,
,,,
,,,
,,,
,,,
,,,
,,,
,,,
,,,
,,,
,,,
,,,
,,,
,,,
,,,
,,,
,,,
,,,
,,,
,,,
,,,
,,,
,,,
,,,
,,,
,,,
,,,
,,,
,,,
,,,
,,,
,,,
,,,
,,,
,,,
,,,
,,,
,,,
,,,
,,,
,,,
,,,
,,,
,,,
,,,
,,,
,,,
,,,
,,,
,,,
,,,
,,,
,,,
,,,
,,,
,,,
,,,
,,,
,,,
,,,
,,,
,,,
,,,
,,,
,,,
,,,
,,,
,,,
,,,
,,,
,,,
,,,
,,,
,,,
,,,
,,,
,,,
,,,
,,,
,,,
,,,
,,,
,,,
,,,
,,,
,,,
,,,
,,,
,,,
,,,
,,,
,,,
,,,
,,,
,,,
,,,
,,,
,,,
,,,
,,,
,,,
,,,
,,,
,,,
,,,
,,,
,,,
,,,
,,,
,,,
,,,
,,,
,,,
,,,
,,,
,,,
,,,
,,,
,,,
,,,
,,,
,,,
,,,
,,,
,,,
,,,
,,,
,,,
,,,
,,,
,,,
,,,
,,,
,,,
,,,
,,,
,,,
,,,
,,,
,,,
,,,
,,,
,,,
,,,
,,,
,,,
,,,
,,,
,,,
,,,
,,,
,,,
,,,
,,,
,,,
,,,
,,,
,,,
,,,
,,,
,,,
,,,
,,,
,,,
,,,
,,,
,,,
,,,
,,,
,,,
,,,
,,,
,,,
,,,
,,,
,,,
,,,
,,,
,,,
,,,
,,,
,,,
,,,
,,,
,,,
,,,
,,,
,,,
,,,
,,,
,,,
,,,
,,,
,,,
,,,
,,,
,,,
,,,
,,,
,,,
,,,
,,,
,,,
,,,
,,,
,,,
,,,
,,,
,,,
,,,
,,,
,,,
,,,
,,,
,,,
,,,
,,,
,,,
,,,
,,,
,,,
,,,
,,,
,,,
,,,
,,,
,,,
,,,
,,,
,,,
,,,
,,,
,,,
,,,
,,,
,,,
,,,
,,,
,,,
,,,
,,,
,,,
,,,
,,,
,,,
,,,
,,,
,,,
,,,
,,,
,,,
,,,
,,,
,,,
,,,
,,,
,,,
,,,
,,,
,,,
,,,
,,,
,,,
,,,
,,,
,,,
,,,
,,,
,,,
,,,
,,,
,,,
,,,
,,,
,,,
,,,
,,,
,,,
,,,
,,,
,,,
,,,
,,,
,,,
,,,
,,,
,,,
,,,
,,,
,,,
,,,
,,,
,,,
,,,
,,,
,,,
,,,
,,,
,,,
,,,
,,,
,,,
,,,
,,,
,,,
,,,
,,,
,,,
,,,
,,,
,,,
,,,
,,,
,,,
,,,
,,,
,,,
,,,
,,,
,,,
,,,
,,,
,,,
,,,
,,,
,,,
,,,
,,,
,,,
,,,
,,,
,,,
,,,
,,,
,,,
,,,
,,,
,,,
,,,
,,,
,,,
,,,
,,,
,,,
,,,
,,,
,,,
,,,
,,,
,,,
,,,
,,,
,,,
,,,
,,,
,,,
,,,
,,,
,,,
,,,
,,,
,,,
,,,
,,,
,,,
,,,
,,,
,,,
,,,
,,,
,,,
,,,
,,,
,,,
,,,
,,,
,,,
,,,
,,,
,,,
,,,
,,,
,,,
,,,
,,,
,,,
,,,
,,,
,,,
,,,
,,,
,,,
,,,
,,,
,,,
,,,
,,,
,,,
,,,
,,,
,,,
,,,
,,,
,,,
,,,
,,,
,,,
,,,
,,,
,,,
,,,
,,,
,,,
,,,
,,,
,,,
,,,
,,,
,,,
,,,
,,,
,,,
,,,
,,,
,,,
,,,
,,,
,,,
,,,
,,,
,,,
,,,
,,,
,,,
,,,
,,,
,,,
,,,
,,,
,,,
,,,
,,,
,,,
,,,
,,,
,,,
,,,
,,,
,,,
,,,
,,,
,,,
,,,
,,,
,,,
,,,
,,,
,,,
,,,
,,,
,,,
,,,
,,,
,,,
,,,
,,,
,,,
,,,
,,,
,,,
,,,
,,,
,,,
,,,
,,,
,,,
,,,
,,,
,,,
,,,
,,,
,,,
,,,
,,,
,,,
,,,
,,,
,,,
,,,
,,,
,,,
,,,
,,,
,,,
,,,
,,,
,,,
,,,
,,,
,,,
,,,
,,,
,,,
,,,
,,,
,,,
,,,
,,,
,,,
,,,
,,,
,,,
,,,
,,,
,,,
,,,
,,,
,,,
,,,
,,,
,,,
,,,
,,,
,,,
,,,
,,,
,,,
,,,
,,,
,,,
,,,
,,,
,,,
,,,
,,,
,,,
,,,
,,,
,,,
,,,
,,,
,,,
,,,
,,,
,,,
,,,
,,,
,,,
,,,
,,,
,,,
,,,
,,,
,,,
,,,
,,,
,,,
,,,
,,,
,,,
,,,
,,,
,,,
,,,
,,,
,,,
,,,
,,,
,,,
,,,
,,,
,,,
,,,
,,,
,,,
,,,
,,,
,,,
,,,
,,,
,,,
,,,
,,,
,,,
,,,
,,,
,,,
,,,
,,,
,,,
,,,
,,,
,,,
,,,
,,,
,,,
,,,
